{"stats":{"minecraft:custom":{"minecraft:time_since_rest":13760,"minecraft:sprint_one_cm":52270,"minecraft:damage_taken":772,"minecraft:walk_one_cm":53169,"minecraft:drop":1,"minecraft:damage_dealt":119,"minecraft:swim_one_cm":12208,"minecraft:fly_one_cm":96239,"minecraft:open_chest":2,"minecraft:play_time":16582,"minecraft:sneak_time":19,"minecraft:walk_under_water_one_cm":836,"minecraft:jump":423,"minecraft:eat_cake_slice":3,"minecraft:walk_on_water_one_cm":3336,"minecraft:time_since_death":16582,"minecraft:sleep_in_bed":1,"minecraft:total_world_time":16582,"minecraft:fall_one_cm":12511},"minecraft:used":{"pamhc2crops:nopalesitem":4,"pamhc2crops:papyrusitem":1,"pamhc2crops:barrelcactusitem":1,"pamhc2crops:cactusfruititem":4,"pamhc2crops:cassavaitem":3,"minecraft:golden_axe":2},"minecraft:dropped":{"alexsmobs:animal_dictionary":1},"minecraft:picked_up":{"minecraft:book":6,"minecraft:stick":11,"valhelsia_structures:gray_sleeping_bag":1,"pamhc2crops:cactusfruititem":4,"pamhc2crops:lentilitem":1,"pamhc2crops:yuccaitem":3,"minecraft:torchflower_seeds":1,"minecraft:carrot":5,"valhelsia_structures:white_sleeping_bag":1,"valhelsia_structures:explorers_tent":3,"minecraft:spider_eye":1,"minecraft:bone":2,"minecraft:arrow":2,"minecraft:acacia_planks":3,"pamhc2crops:barrelcactusitem":3,"pamhc2crops:sisalitem":2,"pamhc2crops:wolfberryitem":3,"pamhc2crops:papyrusitem":1,"pamhc2crops:cassavaitem":2,"pamhc2crops:nopalesitem":5,"pamhc2crops:chickpeaitem":1,"pamhc2crops:agaveitem":2,"minecraft:chiseled_red_sandstone":1,"valhelsia_structures:light_gray_sleeping_bag":1,"minecraft:coal":3},"minecraft:mined":{"valhelsia_structures:explorers_tent":3,"minecraft:carrots":2,"pamhc2crops:aridgarden":27,"minecraft:torchflower_crop":1,"minecraft:grass":1,"minecraft:bookshelf":2,"minecraft:dead_bush":15,"minecraft:acacia_planks":3}},"DataVersion":3465}