{"stats":{"minecraft:custom":{"minecraft:time_since_rest":1760,"minecraft:open_chest":1,"minecraft:walk_one_cm":15229,"minecraft:play_time":4582,"minecraft:sprint_one_cm":22635,"minecraft:damage_taken":384,"minecraft:walk_under_water_one_cm":724,"minecraft:drop":1,"minecraft:jump":122,"minecraft:damage_dealt":68,"minecraft:time_since_death":4582,"minecraft:walk_on_water_one_cm":2021,"minecraft:sleep_in_bed":1,"minecraft:total_world_time":4582,"minecraft:swim_one_cm":11516,"minecraft:fall_one_cm":3253,"minecraft:fly_one_cm":30000},"minecraft:used":{"pamhc2crops:cassavaitem":2,"pamhc2crops:nopalesitem":1},"minecraft:dropped":{"alexsmobs:animal_dictionary":1},"minecraft:picked_up":{"minecraft:stick":8,"minecraft:arrow":2,"minecraft:bone":2,"valhelsia_structures:gray_sleeping_bag":1,"pamhc2crops:cactusfruititem":1,"pamhc2crops:lentilitem":1,"pamhc2crops:yuccaitem":1,"pamhc2crops:agaveitem":2,"pamhc2crops:nopalesitem":3,"pamhc2crops:cassavaitem":1,"pamhc2crops:papyrusitem":1,"valhelsia_structures:light_gray_sleeping_bag":1,"valhelsia_structures:explorers_tent":3,"valhelsia_structures:white_sleeping_bag":1},"minecraft:mined":{"minecraft:grass":1,"valhelsia_structures:explorers_tent":3,"minecraft:dead_bush":15,"pamhc2crops:aridgarden":11}},"DataVersion":3465}