{"stats":{"minecraft:custom":{"minecraft:mob_kills":11,"minecraft:interact_with_crafting_table":4,"minecraft:eat_cake_slice":3,"minecraft:time_since_death":28054,"minecraft:sleep_in_bed":5,"minecraft:climb_one_cm":3588,"minecraft:time_since_rest":3291,"minecraft:sprint_one_cm":155879,"minecraft:damage_blocked_by_shield":1504,"minecraft:damage_taken":2780,"minecraft:walk_one_cm":175366,"minecraft:drop":13,"minecraft:damage_dealt":2747,"minecraft:swim_one_cm":35470,"minecraft:fly_one_cm":306704,"minecraft:open_chest":41,"minecraft:crouch_one_cm":752,"minecraft:play_time":76582,"minecraft:deaths":3,"minecraft:sneak_time":552,"minecraft:walk_under_water_one_cm":6582,"minecraft:boat_one_cm":72359,"minecraft:jump":1505,"minecraft:walk_on_water_one_cm":10940,"minecraft:total_world_time":76582,"minecraft:fall_one_cm":39649,"minecraft:inspect_dispenser":1},"minecraft:killed":{"minecraft:husk":1,"born_in_chaos_v1:baby_skeleton":1,"born_in_chaos_v1:swarmer":1,"alexsmobs:bald_eagle":1,"born_in_chaos_v1:decrepit_skeleton":1,"alexsmobs:emu":1,"minecraft:skeleton":2,"minecraft:zombie":1,"born_in_chaos_v1:corpse_fly":1,"alexsmobs:fly":1},"minecraft:used":{"minecraft:cooked_mutton":1,"pamhc2crops:cloudberryitem":2,"minecraft:iron_bars":1,"minecraft:spruce_planks":16,"minecraft:shield":31,"minecraft:rotten_flesh":2,"pamhc2crops:cactusfruititem":4,"pamhc2crops:spinachitem":1,"minecraft:glow_berries":28,"minecraft:crafting_table":3,"minecraft:red_bed":3,"minecraft:spruce_boat":2,"minecraft:iron_axe":215,"pamhc2crops:nopalesitem":4,"minecraft:iron_pickaxe":77,"pamhc2crops:papyrusitem":1,"pamhc2crops:barrelcactusitem":1,"pamhc2crops:cassavaitem":3,"minecraft:cooked_beef":5,"minecraft:golden_axe":2},"minecraft:dropped":{"minecraft:brown_mushroom":1,"alexsmobs:animal_dictionary":1,"minecraft:rotten_flesh":2,"minecraft:feather":1,"minecraft:cobblestone":1,"pamhc2crops:caulifloweritem":1,"minecraft:iron_bars":3,"minecraft:arrow":3,"minecraft:blue_orchid":1,"minecraft:bone":5},"minecraft:picked_up":{"minecraft:crafting_table":4,"minecraft:feather":1,"pamhc2trees:papayaitem":2,"minecraft:brown_mushroom":1,"pamhc2crops:caulifloweritem":1,"minecraft:torchflower":2,"paraglider:spirit_orb":2,"pamhc2crops:ryeitem":1,"minecraft:red_bed":3,"minecraft:moss_carpet":6,"minecraft:bone":7,"minecraft:acacia_planks":3,"alexsmobs:emu_feather":2,"pamhc2crops:sisalitem":2,"minecraft:spruce_planks":3,"minecraft:blade_pottery_sherd":1,"pamhc2crops:cassavaitem":2,"pamhc2crops:agaveitem":2,"pamhc2crops:papyrusitem":1,"minecraft:azalea":4,"minecraft:bamboo":61,"pamhc2crops:cloudberryitem":1,"valhelsia_structures:light_gray_sleeping_bag":1,"minecraft:flowering_azalea":4,"minecraft:book":6,"minecraft:stick":35,"minecraft:raw_iron":3,"minecraft:raw_gold_block":1,"valhelsia_structures:gray_sleeping_bag":1,"minecraft:pitcher_plant":5,"pamhc2crops:cactusfruititem":4,"pamhc2crops:lentilitem":1,"pamhc2crops:yuccaitem":3,"minecraft:torchflower_seeds":1,"pamhc2crops:spinachitem":1,"minecraft:spruce_log":109,"minecraft:carrot":5,"valhelsia_structures:explorers_tent":3,"valhelsia_structures:white_sleeping_bag":1,"minecraft:spider_eye":1,"minecraft:arrow":5,"minecraft:slime_ball":2,"minecraft:rotten_flesh":4,"minecraft:spruce_boat":2,"minecraft:decorated_pot":1,"pamhc2crops:barrelcactusitem":3,"minecraft:miner_pottery_sherd":1,"pamhc2crops:wolfberryitem":3,"pamhc2crops:chickpeaitem":1,"pamhc2crops:nopalesitem":5,"alexsmobs:maggot":2,"minecraft:chiseled_red_sandstone":1,"minecraft:glow_berries":25,"minecraft:iron_bars":4,"minecraft:coal":67,"minecraft:cobblestone":1,"minecraft:heartbreak_pottery_sherd":1},"minecraft:crafted":{"minecraft:spruce_planks":36,"minecraft:raw_gold":9,"minecraft:shield":1,"minecraft:iron_axe":1,"minecraft:iron_ingot":4,"minecraft:iron_pickaxe":1,"minecraft:spruce_boat":1},"minecraft:mined":{"valhelsia_structures:explorers_tent":3,"minecraft:spruce_planks":4,"minecraft:flowering_azalea":4,"minecraft:red_bed":3,"minecraft:jungle_leaves":6,"minecraft:crafting_table":4,"minecraft:cave_vines_plant":7,"minecraft:ladder":2,"pamhc2crops:tropicalgarden":1,"minecraft:decorated_pot":2,"minecraft:dead_bush":30,"minecraft:spawner":1,"pamhc2trees:pamcoconut":1,"pamhc2trees:pamlychee":1,"minecraft:carrots":2,"minecraft:raw_gold_block":1,"pamhc2crops:aridgarden":27,"minecraft:iron_ore":3,"minecraft:torchflower_crop":1,"minecraft:torchflower":2,"minecraft:spruce_log":109,"minecraft:pitcher_plant":5,"minecraft:grass":3,"minecraft:iron_bars":4,"minecraft:bookshelf":2,"minecraft:coal_ore":64,"minecraft:cave_vines":23,"pamhc2crops:frostgarden":5,"minecraft:bamboo":6,"minecraft:azalea":4,"minecraft:acacia_planks":3,"minecraft:stone_bricks":1,"minecraft:stone":1}},"DataVersion":3465}