{"stats":{"minecraft:custom":{"minecraft:mob_kills":3,"minecraft:interact_with_crafting_table":3,"minecraft:eat_cake_slice":3,"minecraft:time_since_death":4054,"minecraft:sleep_in_bed":3,"minecraft:climb_one_cm":2547,"minecraft:time_since_rest":4079,"minecraft:sprint_one_cm":113320,"minecraft:damage_blocked_by_shield":298,"minecraft:damage_taken":1945,"minecraft:walk_one_cm":106743,"minecraft:drop":2,"minecraft:damage_dealt":1031,"minecraft:swim_one_cm":17860,"minecraft:fly_one_cm":238487,"minecraft:open_chest":7,"minecraft:play_time":52582,"minecraft:deaths":3,"minecraft:sneak_time":23,"minecraft:walk_under_water_one_cm":4295,"minecraft:jump":1048,"minecraft:walk_on_water_one_cm":5894,"minecraft:total_world_time":52582,"minecraft:fall_one_cm":30215,"minecraft:inspect_dispenser":1},"minecraft:killed":{"minecraft:husk":1,"born_in_chaos_v1:swarmer":1,"alexsmobs:bald_eagle":1},"minecraft:used":{"minecraft:cooked_mutton":1,"minecraft:shield":9,"pamhc2crops:cactusfruititem":4,"minecraft:glow_berries":6,"minecraft:crafting_table":2,"minecraft:iron_axe":143,"pamhc2crops:nopalesitem":4,"minecraft:iron_pickaxe":34,"pamhc2crops:papyrusitem":1,"pamhc2crops:barrelcactusitem":1,"pamhc2crops:cassavaitem":3,"minecraft:cooked_beef":3,"minecraft:golden_axe":2},"minecraft:dropped":{"alexsmobs:animal_dictionary":1,"minecraft:blue_orchid":1},"minecraft:picked_up":{"minecraft:crafting_table":3,"minecraft:feather":1,"pamhc2trees:papayaitem":2,"minecraft:brown_mushroom":1,"pamhc2crops:caulifloweritem":1,"minecraft:torchflower":1,"pamhc2crops:ryeitem":1,"minecraft:red_bed":1,"minecraft:moss_carpet":6,"minecraft:bone":2,"minecraft:acacia_planks":3,"pamhc2crops:sisalitem":2,"pamhc2crops:cassavaitem":2,"pamhc2crops:agaveitem":2,"pamhc2crops:papyrusitem":1,"pamhc2crops:cloudberryitem":1,"valhelsia_structures:light_gray_sleeping_bag":1,"minecraft:book":6,"minecraft:stick":35,"valhelsia_structures:gray_sleeping_bag":1,"minecraft:pitcher_plant":3,"pamhc2crops:cactusfruititem":4,"pamhc2crops:lentilitem":1,"pamhc2crops:yuccaitem":3,"minecraft:torchflower_seeds":1,"pamhc2crops:spinachitem":1,"minecraft:spruce_log":109,"minecraft:carrot":5,"valhelsia_structures:explorers_tent":3,"valhelsia_structures:white_sleeping_bag":1,"minecraft:spider_eye":1,"minecraft:arrow":3,"minecraft:slime_ball":2,"minecraft:rotten_flesh":2,"minecraft:decorated_pot":1,"pamhc2crops:barrelcactusitem":3,"pamhc2crops:wolfberryitem":3,"pamhc2crops:chickpeaitem":1,"pamhc2crops:nopalesitem":5,"minecraft:chiseled_red_sandstone":1,"minecraft:glow_berries":9,"minecraft:coal":35,"minecraft:cobblestone":1},"minecraft:crafted":{"minecraft:spruce_planks":8,"minecraft:shield":1,"minecraft:iron_axe":1,"minecraft:iron_ingot":4,"minecraft:iron_pickaxe":1},"minecraft:mined":{"valhelsia_structures:explorers_tent":3,"minecraft:red_bed":1,"minecraft:crafting_table":3,"minecraft:cave_vines_plant":2,"minecraft:ladder":2,"minecraft:decorated_pot":1,"minecraft:dead_bush":30,"pamhc2trees:pamcoconut":1,"pamhc2trees:pamlychee":1,"minecraft:carrots":2,"pamhc2crops:aridgarden":27,"minecraft:torchflower_crop":1,"minecraft:torchflower":1,"minecraft:spruce_log":109,"minecraft:pitcher_plant":3,"minecraft:grass":2,"minecraft:bookshelf":2,"minecraft:coal_ore":32,"minecraft:cave_vines":9,"pamhc2crops:frostgarden":5,"minecraft:acacia_planks":3,"minecraft:stone":1}},"DataVersion":3465}