{"stats":{"minecraft:custom":{"minecraft:mob_kills":60,"minecraft:interact_with_crafting_table":27,"minecraft:open_barrel":49,"minecraft:damage_dealt_resisted":219,"minecraft:eat_cake_slice":13,"minecraft:leave_game":1,"minecraft:time_since_death":44798,"minecraft:damage_resisted":2,"minecraft:climb_one_cm":20954,"minecraft:sprint_one_cm":428584,"minecraft:walk_one_cm":571781,"minecraft:damage_blocked_by_shield":6783,"minecraft:drop":57,"minecraft:talked_to_villager":1,"minecraft:play_time":243398,"minecraft:deaths":6,"minecraft:sneak_time":2649,"minecraft:walk_under_water_one_cm":15633,"minecraft:boat_one_cm":72359,"minecraft:interact_with_lectern":8,"minecraft:jump":3175,"minecraft:interact_with_blast_furnace":12,"minecraft:walk_on_water_one_cm":18443,"minecraft:total_world_time":243398,"minecraft:interact_with_furnace":23,"minecraft:tune_noteblock":6,"minecraft:pot_flower":1,"minecraft:sleep_in_bed":10,"minecraft:time_since_rest":21587,"minecraft:damage_taken":6517,"minecraft:damage_absorbed":85,"minecraft:damage_dealt":12418,"minecraft:swim_one_cm":65041,"minecraft:fly_one_cm":646609,"minecraft:open_chest":129,"minecraft:crouch_one_cm":3204,"minecraft:interact_with_smoker":4,"minecraft:fall_one_cm":82022,"minecraft:inspect_dispenser":1},"minecraft:mined":{"minecraft:spruce_planks":8,"minecraft:jungle_leaves":6,"minecraft:cave_vines_plant":7,"minecraft:ladder":2,"pamhc2crops:tropicalgarden":1,"minecraft:grass_block":2,"minecraft:decorated_pot":2,"alexsmobs:leafcutter_ant_chamber":1,"minecraft:coal_block":9,"born_in_chaos_v1:gnawed_bones":1,"minecraft:spawner":10,"pamhc2trees:pamcoconut":1,"minecraft:raw_iron_block":10,"pamhc2trees:pamlychee":1,"minecraft:furnace":2,"minecraft:carrots":2,"minecraft:raw_gold_block":1,"minecraft:iron_ore":9,"minecraft:pumpkin":1,"minecraft:dark_oak_stairs":6,"minecraft:enchanting_table":1,"minecraft:bookshelf":17,"minecraft:potatoes":1,"minecraft:cave_vines":23,"minecraft:vine":7,"minecraft:iron_bars":16,"minecraft:black_candle":3,"minecraft:bamboo":6,"minecraft:azalea":4,"minecraft:stone":13,"valhelsia_structures:explorers_tent":3,"valhelsia_structures:unlit_lantern":1,"minecraft:flowering_azalea":4,"minecraft:red_bed":3,"minecraft:crafting_table":6,"minecraft:blast_furnace":1,"minecraft:calcite":10,"minecraft:chest":1,"minecraft:dead_bush":30,"minecraft:lectern":1,"minecraft:white_candle":1,"cfm:spruce_blinds":7,"minecraft:tall_grass":3,"minecraft:bricks":1,"minecraft:wall_torch":2,"minecraft:black_stained_glass":2,"minecraft:red_candle":1,"pamhc2crops:aridgarden":27,"minecraft:torchflower":2,"minecraft:torchflower_crop":1,"minecraft:spruce_log":109,"minecraft:pitcher_plant":5,"minecraft:grass":4,"minecraft:coal_ore":64,"minecraft:pitcher_crop":1,"pamhc2crops:frostgarden":5,"minecraft:dirt":9,"minecraft:smooth_basalt":8,"minecraft:acacia_planks":3,"born_in_chaos_v1:infernal_evil_pumpkin_s":1,"minecraft:stone_bricks":2,"minecraft:oak_leaves":1,"minecraft:fern":1},"minecraft:dropped":{"minecraft:bread":2,"minecraft:brown_mushroom":1,"minecraft:mossy_cobblestone":1,"minecraft:glass_bottle":4,"minecraft:feather":1,"minecraft:cobblestone":13,"minecraft:coal":1,"pamhc2crops:caulifloweritem":1,"minecraft:dirt":7,"minecraft:gold_nugget":7,"minecraft:iron_axe":2,"minecraft:iron_pickaxe":1,"minecraft:paper":7,"minecraft:smooth_basalt":8,"minecraft:bone":9,"minecraft:iron_nugget":1,"minecraft:pitcher_plant":5,"alexsmobs:animal_dictionary":1,"minecraft:rotten_flesh":5,"pamhc2crops:ryeitem":1,"born_in_chaos_v1:spiritual_dust":1,"pamhc2trees:grapefruititem":1,"minecraft:chainmail_chestplate":1,"minecraft:filled_map":1,"minecraft:spruce_boat":1,"alexsmobs:cockroach_wing_fragment":2,"minecraft:mossy_stone_bricks":2,"born_in_chaos_v1:corpse_maggot":1,"minecraft:leather_boots":1,"minecraft:bamboo":3,"minecraft:iron_bars":11,"minecraft:arrow":9,"minecraft:blue_orchid":1,"minecraft:beef":3},"minecraft:broken":{"minecraft:iron_boots":1,"minecraft:iron_axe":1},"minecraft:crafted":{"cfm:spruce_park_bench":4,"minecraft:oak_planks":4,"minecraft:raw_iron":45,"immersive_melodies:trumpet":1,"minecraft:furnace":1,"immersive_melodies:flute":1,"minecraft:iron_axe":2,"minecraft:chest":1,"minecraft:spruce_boat":1,"sophisticatedbackpacks:backpack":1,"cfm:spruce_cabinet":6,"minecraft:spruce_planks":56,"immersive_melodies:lute":1,"minecraft:copper_ingot":7,"cfm:spruce_blinds":8,"minecraft:air":0,"minecraft:shield":1,"minecraft:raw_gold":9,"minecraft:stick":12,"minecraft:iron_ingot":55,"minecraft:iron_pickaxe":2,"minecraft:gold_ingot":13,"minecraft:acacia_planks":4},"minecraft:killed":{"minecraft:cave_spider":3,"born_in_chaos_v1:mr_pumpkin":2,"born_in_chaos_v1:zombie_lumberjack":1,"born_in_chaos_v1:zombie_clown_not_despawn":1,"alexsmobs:raccoon":5,"minecraft:spider":4,"alexsmobs:tasmanian_devil":2,"alexsmobs:bald_eagle":1,"born_in_chaos_v1:baby_skeleton_minion":1,"born_in_chaos_v1:maggot":2,"minecraft:skeleton":6,"minecraft:horse":3,"alexsmobs:leafcutter_ant":1,"born_in_chaos_v1:skeleton_thrasher":1,"born_in_chaos_v1:corpse_fish":1,"minecraft:husk":1,"born_in_chaos_v1:bonescaller":1,"minecraft:zombie_villager":1,"born_in_chaos_v1:baby_skeleton":1,"born_in_chaos_v1:swarmer":1,"born_in_chaos_v1:decrepit_skeleton":2,"alexsmobs:emu":1,"minecraft:zombie":6,"alexsmobs:cockroach":2,"born_in_chaos_v1:dread_hound":1,"born_in_chaos_v1:corpse_fly":1,"alexsmobs:fly":1,"minecraft:cow":7},"minecraft:picked_up":{"minecraft:crafting_table":6,"pamhc2trees:durianitem":3,"minecraft:brown_mushroom":1,"minecraft:lead":7,"pamhc2crops:ryeitem":2,"minecraft:iron_axe":2,"minecraft:moss_carpet":6,"minecraft:string":17,"minecraft:red_bed":3,"born_in_chaos_v1:intoxicating_decoction":1,"cfm:spruce_blinds":7,"alexsmobs:emu_feather":2,"minecraft:beef":3,"minecraft:spruce_planks":5,"minecraft:calcite":10,"born_in_chaos_v1:gnawed_bones":2,"pamhc2crops:agaveitem":2,"minecraft:azalea":4,"alexsmobs:raccoon_tail":2,"pamhc2crops:cloudberryitem":1,"minecraft:lectern":1,"minecraft:coal_block":9,"valhelsia_structures:light_gray_sleeping_bag":1,"minecraft:chest":1,"pamhc2trees:dateitem":2,"minecraft:furnace":2,"minecraft:iron_boots":1,"minecraft:stick":35,"minecraft:raw_iron":9,"minecraft:raw_gold_block":1,"valhelsia_structures:gray_sleeping_bag":1,"pamhc2trees:figitem":3,"pamhc2crops:cactusfruititem":4,"minecraft:acacia_log":1,"minecraft:torch":2,"pamhc2crops:yuccaitem":3,"pamhc2crops:spinachitem":1,"born_in_chaos_v1:pieceofdarkmetal":2,"minecraft:carrot":5,"valhelsia_structures:explorers_tent":3,"valhelsia_structures:white_sleeping_bag":1,"minecraft:arrow":13,"minecraft:rotten_flesh":12,"minecraft:decorated_pot":1,"pamhc2trees:grapefruititem":8,"pamhc2crops:nopalesitem":5,"minecraft:glow_berries":25,"minecraft:iron_bars":16,"minecraft:cobblestone":13,"minecraft:heartbreak_pottery_sherd":1,"minecraft:enchanting_table":1,"born_in_chaos_v1:corpse_maggot":1,"minecraft:feather":1,"born_in_chaos_v1:spiritual_dust":2,"pamhc2trees:papayaitem":2,"minecraft:leather":7,"minecraft:potato":2,"pamhc2crops:caulifloweritem":1,"minecraft:torchflower":2,"paraglider:spirit_orb":20,"minecraft:oak_log":1,"minecraft:dirt":9,"born_in_chaos_v1:monster_skin":1,"minecraft:bone":22,"minecraft:iron_ingot":1,"minecraft:acacia_planks":3,"minecraft:stone_bricks":1,"pamhc2crops:sisalitem":2,"alexsmobs:cockroach_wing_fragment":2,"minecraft:dark_oak_sign":3,"scalinghealth:power_crystal_shard":3,"minecraft:blade_pottery_sherd":1,"pamhc2crops:cassavaitem":2,"pamhc2crops:papyrusitem":1,"minecraft:mossy_stone_bricks":2,"minecraft:bamboo":63,"pamhc2trees:pecanitem":7,"minecraft:flowering_azalea":4,"minecraft:dark_oak_stairs":6,"pamhc2trees:hazelnutitem":9,"minecraft:book":39,"minecraft:smooth_basalt":8,"minecraft:black_candle":8,"minecraft:pitcher_plant":5,"pamhc2crops:lentilitem":1,"born_in_chaos_v1:orbofthe_summoner":1,"minecraft:raw_iron_block":10,"minecraft:torchflower_seeds":1,"minecraft:blast_furnace":1,"minecraft:spruce_log":109,"minecraft:spider_eye":3,"minecraft:mossy_cobblestone":1,"minecraft:white_candle":2,"minecraft:slime_ball":2,"minecraft:spruce_boat":2,"pamhc2crops:barrelcactusitem":3,"minecraft:miner_pottery_sherd":1,"pamhc2crops:wolfberryitem":3,"pamhc2crops:chickpeaitem":1,"minecraft:golden_apple":1,"scalinghealth:cursed_heart":1,"minecraft:bread":1,"alexsmobs:maggot":2,"minecraft:chiseled_red_sandstone":1,"born_in_chaos_v1:rotten_fish":1,"valhelsia_structures:unlit_lantern":1,"minecraft:bricks":1,"minecraft:coal":131},"minecraft:used":{"minecraft:iron_bars":5,"minecraft:spruce_planks":29,"minecraft:shield":99,"minecraft:rotten_flesh":2,"minecraft:white_candle":2,"minecraft:torch":41,"minecraft:dirt":2,"scalinghealth:heart_crystal":2,"minecraft:spruce_boat":2,"minecraft:bricks":1,"minecraft:iron_axe":401,"minecraft:iron_boots":1,"born_in_chaos_v1:gnawed_bones":2,"pamhc2crops:papyrusitem":1,"minecraft:stone_bricks":25,"minecraft:furnace":3,"minecraft:cooked_beef":11,"minecraft:golden_axe":2,"minecraft:calcite":10,"minecraft:cooked_mutton":1,"minecraft:dark_oak_stairs":2,"pamhc2crops:cloudberryitem":2,"minecraft:dark_oak_sign":3,"minecraft:oak_planks":1,"cfm:spruce_cabinet":6,"cfm:spruce_blinds":15,"pamhc2crops:cactusfruititem":4,"pamhc2crops:spinachitem":1,"minecraft:golden_apple":2,"minecraft:glow_berries":28,"minecraft:red_bed":3,"minecraft:crafting_table":6,"scalinghealth:cursed_heart":1,"minecraft:blast_furnace":1,"pamhc2trees:hazelnutitem":9,"pamhc2trees:papayaitem":1,"minecraft:bread":21,"pamhc2crops:nopalesitem":4,"minecraft:iron_pickaxe":164,"pamhc2crops:barrelcactusitem":1,"minecraft:potion":5,"cfm:spruce_park_bench":3,"pamhc2crops:cassavaitem":3,"minecraft:cooked_porkchop":2,"minecraft:black_candle":8}},"DataVersion":3465}