{"stats":{"minecraft:killed":{"minecraft:cave_spider":3,"born_in_chaos_v1:mr_pumpkin":2,"born_in_chaos_v1:zombie_lumberjack":1,"born_in_chaos_v1:restless_spirit":1,"minecraft:spider":4,"alexsmobs:bald_eagle":1,"born_in_chaos_v1:baby_skeleton_minion":1,"minecraft:skeleton":7,"alexsmobs:leafcutter_ant":1,"born_in_chaos_v1:skeleton_thrasher":1,"born_in_chaos_v1:bonescaller":1,"minecraft:zombie_villager":2,"minecraft:trader_llama":2,"minecraft:pillager":4,"minecraft:zombie":11,"born_in_chaos_v1:dread_hound":1,"born_in_chaos_v1:corpse_fly":1,"alexsmobs:fly":1,"minecraft:cow":7,"alexsmobs:raccoon":5,"born_in_chaos_v1:zombie_clown_not_despawn":1,"alexsmobs:tasmanian_devil":2,"born_in_chaos_v1:zombie_bruiser":1,"born_in_chaos_v1:maggot":2,"minecraft:horse":3,"minecraft:drowned":1,"born_in_chaos_v1:corpse_fish":4,"born_in_chaos_v1:fallen_chaos_knight":1,"minecraft:husk":1,"born_in_chaos_v1:baby_skeleton":1,"born_in_chaos_v1:swarmer":1,"minecraft:wandering_trader":1,"born_in_chaos_v1:decrepit_skeleton":6,"alexsmobs:emu":1,"alexsmobs:cockroach":2},"minecraft:picked_up":{"minecraft:anvil":2,"minecraft:lead":15,"minecraft:stone_brick_stairs":3,"minecraft:string":17,"minecraft:armor_stand":8,"cfm:spruce_blinds":9,"alexsmobs:emu_feather":2,"minecraft:spruce_planks":11,"minecraft:calcite":10,"minecraft:azalea":4,"alexsmobs:raccoon_tail":2,"pamhc2crops:cloudberryitem":1,"minecraft:coal_block":9,"valhelsia_structures:light_gray_sleeping_bag":1,"minecraft:furnace":4,"minecraft:iron_boots":1,"minecraft:stick":35,"valhelsia_structures:gray_sleeping_bag":1,"pamhc2crops:cactusfruititem":4,"minecraft:torch":5,"minecraft:acacia_log":1,"pamhc2crops:yuccaitem":3,"minecraft:spruce_stairs":7,"minecraft:rotten_flesh":26,"minecraft:iron_bars":16,"minecraft:cobblestone":13,"minecraft:enchanting_table":1,"minecraft:feather":1,"born_in_chaos_v1:spiritual_dust":2,"minecraft:andesite":1,"pamhc2crops:caulifloweritem":1,"minecraft:potato":2,"minecraft:flint":1,"paraglider:spirit_orb":20,"minecraft:lapis_lazuli":4,"minecraft:dirt":9,"minecraft:lantern":1,"born_in_chaos_v1:monster_skin":1,"minecraft:bone":30,"minecraft:chipped_anvil":1,"minecraft:acacia_planks":3,"pamhc2crops:sisalitem":2,"valhelsia_structures:metal_framed_glass_pane":2,"minecraft:dark_oak_sign":4,"pamhc2crops:papyrusitem":1,"minecraft:mossy_stone_bricks":2,"minecraft:bamboo":63,"minecraft:oak_planks":4,"pamhc2crops:lentilitem":1,"minecraft:sand":34,"valhelsia_structures:cut_oak_post":4,"minecraft:stripped_spruce_log":1,"sophisticatedbackpacks:iron_backpack":1,"minecraft:mossy_cobblestone":1,"minecraft:white_candle":2,"minecraft:spruce_boat":2,"minecraft:miner_pottery_sherd":1,"minecraft:bone_meal":2,"minecraft:golden_apple":1,"minecraft:chainmail_helmet":1,"minecraft:bread":1,"scalinghealth:cursed_heart":1,"minecraft:chiseled_red_sandstone":1,"alexsmobs:maggot":2,"born_in_chaos_v1:rotten_fish":2,"valhelsia_structures:unlit_lantern":1,"minecraft:bricks":1,"minecraft:crafting_table":6,"minecraft:ladder":5,"minecraft:clay_ball":68,"born_in_chaos_v1:seedof_chaos":1,"pamhc2trees:durianitem":3,"minecraft:brown_mushroom":1,"pamhc2crops:ryeitem":2,"minecraft:red_bed":3,"minecraft:moss_carpet":6,"minecraft:iron_axe":2,"born_in_chaos_v1:intoxicating_decoction":1,"minecraft:cracked_stone_bricks":3,"minecraft:beef":3,"born_in_chaos_v1:gnawed_bones":2,"pamhc2crops:agaveitem":2,"minecraft:lectern":1,"minecraft:chest":1,"minecraft:spruce_trapdoor":3,"pamhc2trees:dateitem":2,"minecraft:egg":2,"minecraft:raw_iron":9,"minecraft:raw_gold_block":1,"pamhc2trees:figitem":3,"pamhc2crops:spinachitem":1,"born_in_chaos_v1:pieceofdarkmetal":4,"minecraft:carrot":5,"valhelsia_structures:white_sleeping_bag":1,"valhelsia_structures:explorers_tent":3,"minecraft:arrow":13,"minecraft:decorated_pot":1,"pamhc2crops:nopalesitem":5,"pamhc2trees:grapefruititem":8,"minecraft:glow_berries":25,"minecraft:mutton":1,"minecraft:heartbreak_pottery_sherd":1,"minecraft:stripped_oak_log":2,"born_in_chaos_v1:corpse_maggot":1,"pamhc2trees:papayaitem":2,"minecraft:leather":8,"minecraft:torchflower":2,"minecraft:oak_log":6,"scalinghealth:heart_crystal":2,"minecraft:white_banner":2,"minecraft:apple":8,"minecraft:stone_bricks":5,"alexsmobs:cockroach_wing_fragment":2,"minecraft:iron_ingot":1,"scalinghealth:power_crystal_shard":3,"minecraft:blade_pottery_sherd":1,"pamhc2crops:cassavaitem":2,"pamhc2trees:pecanitem":7,"minecraft:flowering_azalea":4,"minecraft:dark_oak_stairs":6,"pamhc2trees:hazelnutitem":9,"minecraft:book":39,"minecraft:oak_slab":2,"minecraft:smooth_basalt":8,"minecraft:black_candle":8,"minecraft:pitcher_plant":5,"born_in_chaos_v1:orbofthe_summoner":1,"born_in_chaos_v1:ethereal_spirit":2,"minecraft:raw_iron_block":10,"minecraft:torchflower_seeds":1,"minecraft:gravel":24,"minecraft:blast_furnace":2,"minecraft:spruce_log":109,"minecraft:spider_eye":3,"minecraft:spruce_door":1,"minecraft:slime_ball":2,"pamhc2crops:barrelcactusitem":3,"minecraft:chainmail_leggings":1,"pamhc2crops:wolfberryitem":3,"pamhc2crops:chickpeaitem":1,"minecraft:damaged_anvil":1,"minecraft:stripped_dark_oak_log":5,"minecraft:coal":131},"minecraft:used":{"minecraft:iron_shovel":43,"minecraft:shield":140,"minecraft:rotten_flesh":2,"minecraft:white_candle":2,"valhelsia_structures:metal_framed_glass_pane":12,"minecraft:spruce_boat":2,"born_in_chaos_v1:smoked_flesh":3,"minecraft:bricks":1,"minecraft:lantern":1,"born_in_chaos_v1:gnawed_bones":2,"pamhc2crops:papyrusitem":1,"minecraft:stone_bricks":27,"pamhc2trees:dateitem":2,"minecraft:furnace":3,"minecraft:egg":2,"minecraft:dark_oak_stairs":2,"minecraft:spruce_door":1,"minecraft:dark_oak_sign":3,"minecraft:oak_planks":5,"cfm:spruce_cabinet":6,"cfm:spruce_blinds":17,"minecraft:clay":4,"pamhc2crops:cactusfruititem":4,"minecraft:golden_apple":2,"minecraft:glow_berries":28,"minecraft:blast_furnace":1,"scalinghealth:cursed_heart":1,"minecraft:bread":30,"minecraft:gravel":15,"pamhc2crops:cassavaitem":3,"minecraft:iron_bars":5,"minecraft:flint_and_steel":6,"minecraft:armor_stand":5,"minecraft:spruce_planks":41,"minecraft:torch":43,"minecraft:dirt":2,"minecraft:anvil":2,"scalinghealth:heart_crystal":4,"minecraft:spruce_stairs":13,"minecraft:iron_axe":567,"minecraft:oak_stairs":1,"minecraft:iron_boots":3,"pamhc2trees:grapefruititem":7,"minecraft:cooked_beef":13,"minecraft:golden_axe":2,"minecraft:calcite":10,"minecraft:cooked_mutton":1,"pamhc2crops:cloudberryitem":2,"minecraft:leather_boots":2,"minecraft:cracked_stone_bricks":1,"pamhc2crops:spinachitem":1,"minecraft:stripped_dark_oak_log":2,"minecraft:crafting_table":6,"minecraft:red_bed":3,"pamhc2trees:hazelnutitem":9,"pamhc2trees:papayaitem":1,"valhelsia_structures:cut_oak_post":1,"minecraft:apple":3,"pamhc2crops:nopalesitem":4,"minecraft:iron_pickaxe":185,"minecraft:spruce_trapdoor":3,"pamhc2crops:barrelcactusitem":1,"minecraft:potion":5,"cfm:spruce_park_bench":3,"minecraft:white_banner":2,"minecraft:cooked_porkchop":2,"minecraft:bucket":1,"minecraft:black_candle":8},"minecraft:mined":{"minecraft:spruce_planks":17,"minecraft:jungle_leaves":6,"minecraft:spruce_trapdoor":3,"minecraft:cave_vines_plant":7,"minecraft:grass_block":2,"minecraft:coal_block":9,"minecraft:spawner":10,"minecraft:raw_iron_block":10,"pamhc2trees:pamlychee":1,"minecraft:iron_ore":9,"minecraft:fire":1,"valhelsia_structures:andesite":1,"minecraft:pumpkin":1,"minecraft:anvil":2,"minecraft:dark_oak_stairs":6,"minecraft:enchanting_table":1,"minecraft:cave_vines":23,"minecraft:iron_bars":16,"minecraft:black_candle":3,"minecraft:azalea":4,"valhelsia_structures:explorers_tent":3,"minecraft:red_bed":3,"minecraft:clay":17,"minecraft:blast_furnace":2,"minecraft:calcite":10,"minecraft:chest":1,"minecraft:dead_bush":30,"minecraft:white_candle":1,"minecraft:damaged_anvil":1,"minecraft:oak_planks":4,"minecraft:bricks":1,"minecraft:wall_torch":5,"minecraft:red_candle":1,"pamhc2crops:aridgarden":27,"minecraft:torchflower_crop":1,"minecraft:pitcher_plant":5,"minecraft:stone_brick_stairs":3,"minecraft:grass":8,"minecraft:oak_log":3,"minecraft:sand":34,"minecraft:dirt":9,"minecraft:smooth_basalt":8,"born_in_chaos_v1:infernal_evil_pumpkin_s":1,"minecraft:oak_leaves":1,"minecraft:ladder":7,"pamhc2crops:tropicalgarden":1,"minecraft:decorated_pot":2,"alexsmobs:leafcutter_ant_chamber":1,"born_in_chaos_v1:gnawed_bones":1,"pamhc2trees:pamcoconut":1,"minecraft:furnace":4,"minecraft:carrots":2,"minecraft:raw_gold_block":1,"minecraft:stripped_spruce_log":1,"minecraft:bookshelf":17,"minecraft:potatoes":1,"minecraft:vine":13,"minecraft:stripped_oak_log":2,"minecraft:bamboo":6,"minecraft:stone":13,"minecraft:oak_slab":2,"valhelsia_structures:unlit_lantern":1,"minecraft:flowering_azalea":4,"minecraft:stripped_dark_oak_log":5,"minecraft:spruce_door":1,"minecraft:crafting_table":6,"minecraft:lectern":1,"cfm:spruce_blinds":9,"minecraft:tall_grass":3,"minecraft:lapis_ore":1,"minecraft:spruce_stairs":7,"minecraft:black_stained_glass":2,"valhelsia_structures:metal_framed_glass_pane":2,"minecraft:ice":2,"minecraft:torchflower":2,"minecraft:spruce_log":109,"minecraft:white_wall_banner":1,"minecraft:coal_ore":64,"minecraft:pitcher_crop":1,"pamhc2crops:frostgarden":5,"minecraft:gravel":25,"valhelsia_structures:cut_oak_post":3,"minecraft:cracked_stone_bricks":3,"minecraft:acacia_planks":3,"minecraft:stone_bricks":6,"minecraft:chipped_anvil":1,"minecraft:fern":1},"minecraft:custom":{"minecraft:interact_with_crafting_table":45,"minecraft:open_barrel":56,"minecraft:eat_cake_slice":13,"minecraft:leave_game":3,"minecraft:time_since_death":49591,"minecraft:damage_resisted":2,"minecraft:sprint_one_cm":524133,"minecraft:damage_blocked_by_shield":10667,"minecraft:drop":60,"minecraft:talked_to_villager":1,"minecraft:play_time":335464,"minecraft:deaths":7,"minecraft:jump":3991,"minecraft:walk_on_water_one_cm":38008,"minecraft:interact_with_furnace":31,"minecraft:sleep_in_bed":12,"minecraft:damage_dealt":21174,"minecraft:crouch_one_cm":4048,"minecraft:interact_with_smoker":4,"minecraft:inspect_dispenser":1,"minecraft:mob_kills":86,"minecraft:interact_with_anvil":3,"minecraft:damage_dealt_resisted":608,"minecraft:climb_one_cm":27625,"minecraft:walk_one_cm":892062,"minecraft:sneak_time":3623,"minecraft:walk_under_water_one_cm":38850,"minecraft:boat_one_cm":72359,"minecraft:interact_with_lectern":8,"minecraft:interact_with_blast_furnace":22,"minecraft:total_world_time":335464,"minecraft:tune_noteblock":6,"minecraft:pot_flower":1,"minecraft:time_since_rest":4311,"minecraft:damage_taken":9383,"minecraft:damage_absorbed":85,"minecraft:swim_one_cm":135399,"minecraft:fly_one_cm":805751,"minecraft:open_chest":142,"minecraft:fall_one_cm":100055},"minecraft:dropped":{"minecraft:brown_mushroom":1,"minecraft:glass_bottle":4,"minecraft:dirt":7,"minecraft:mutton":1,"minecraft:gold_nugget":7,"minecraft:iron_pickaxe":1,"minecraft:bone":9,"minecraft:iron_nugget":1,"alexsmobs:animal_dictionary":1,"immersive_melodies:flute":1,"minecraft:rotten_flesh":5,"pamhc2crops:ryeitem":1,"pamhc2trees:grapefruititem":1,"minecraft:chainmail_chestplate":1,"born_in_chaos_v1:corpse_maggot":1,"minecraft:leather_boots":1,"minecraft:iron_bars":11,"minecraft:arrow":9,"minecraft:beef":3,"minecraft:bread":2,"minecraft:mossy_cobblestone":1,"minecraft:lead":1,"minecraft:feather":1,"minecraft:cobblestone":13,"minecraft:coal":1,"pamhc2crops:caulifloweritem":1,"minecraft:iron_axe":2,"minecraft:paper":7,"minecraft:smooth_basalt":8,"minecraft:pitcher_plant":5,"born_in_chaos_v1:spiritual_dust":1,"minecraft:filled_map":1,"minecraft:spruce_boat":1,"alexsmobs:cockroach_wing_fragment":2,"minecraft:mossy_stone_bricks":2,"minecraft:bamboo":3,"minecraft:blue_orchid":1},"minecraft:broken":{"minecraft:iron_boots":1,"minecraft:iron_axe":2,"minecraft:iron_helmet":1},"minecraft:crafted":{"valhelsia_structures:metal_framed_glass":8,"minecraft:oak_planks":12,"immersive_melodies:tiny_drum":1,"minecraft:glass":13,"minecraft:chest":1,"sophisticatedbackpacks:backpack":1,"minecraft:spruce_planks":96,"immersive_melodies:lute":1,"minecraft:copper_ingot":7,"cfm:spruce_blinds":8,"minecraft:shield":1,"minecraft:stick":16,"minecraft:iron_ingot":55,"minecraft:iron_pickaxe":2,"valhelsia_structures:metal_framed_glass_pane":16,"minecraft:gold_ingot":13,"cfm:spruce_park_bench":4,"minecraft:raw_iron":45,"immersive_melodies:trumpet":1,"minecraft:furnace":1,"minecraft:bone_meal":9,"immersive_melodies:flute":1,"minecraft:flint_and_steel":1,"minecraft:terracotta":1,"minecraft:spruce_stairs":16,"minecraft:iron_axe":3,"minecraft:spruce_boat":1,"cfm:spruce_cabinet":6,"minecraft:air":0,"minecraft:white_dye":11,"minecraft:raw_gold":9,"chiselsandbits:chisel_iron":1,"minecraft:oak_stairs":4,"minecraft:iron_shovel":1,"minecraft:acacia_planks":4,"minecraft:clay":6}},"DataVersion":3465}