{"stats":{"minecraft:custom":{"minecraft:time_since_rest":10534,"minecraft:sprint_one_cm":55011,"minecraft:damage_taken":1027,"minecraft:walk_one_cm":55107,"minecraft:drop":1,"minecraft:damage_dealt":119,"minecraft:swim_one_cm":12208,"minecraft:fly_one_cm":99873,"minecraft:open_chest":4,"minecraft:play_time":28582,"minecraft:deaths":1,"minecraft:sneak_time":22,"minecraft:walk_under_water_one_cm":836,"minecraft:jump":441,"minecraft:eat_cake_slice":3,"minecraft:walk_on_water_one_cm":3455,"minecraft:time_since_death":11348,"minecraft:sleep_in_bed":2,"minecraft:climb_one_cm":1070,"minecraft:total_world_time":28582,"minecraft:fall_one_cm":13256},"minecraft:used":{"minecraft:cooked_mutton":1,"pamhc2crops:nopalesitem":4,"pamhc2crops:papyrusitem":1,"pamhc2crops:barrelcactusitem":1,"pamhc2crops:cactusfruititem":4,"pamhc2crops:cassavaitem":3,"minecraft:golden_axe":2},"minecraft:dropped":{"alexsmobs:animal_dictionary":1},"minecraft:picked_up":{"minecraft:book":6,"minecraft:stick":11,"valhelsia_structures:gray_sleeping_bag":1,"pamhc2crops:cactusfruititem":4,"pamhc2crops:lentilitem":1,"pamhc2crops:yuccaitem":3,"minecraft:torchflower_seeds":1,"minecraft:carrot":5,"valhelsia_structures:white_sleeping_bag":1,"valhelsia_structures:explorers_tent":3,"minecraft:spider_eye":1,"minecraft:bone":2,"minecraft:arrow":2,"minecraft:acacia_planks":3,"pamhc2crops:barrelcactusitem":3,"pamhc2crops:sisalitem":2,"pamhc2crops:wolfberryitem":3,"pamhc2crops:papyrusitem":1,"pamhc2crops:cassavaitem":2,"pamhc2crops:nopalesitem":5,"pamhc2crops:chickpeaitem":1,"pamhc2crops:agaveitem":2,"minecraft:chiseled_red_sandstone":1,"valhelsia_structures:light_gray_sleeping_bag":1,"minecraft:coal":3},"minecraft:mined":{"valhelsia_structures:explorers_tent":3,"minecraft:carrots":2,"pamhc2crops:aridgarden":27,"minecraft:torchflower_crop":1,"minecraft:ladder":2,"minecraft:grass":1,"minecraft:bookshelf":2,"minecraft:dead_bush":15,"minecraft:acacia_planks":3}},"DataVersion":3465}