{"stats":{"minecraft:custom":{"minecraft:time_since_rest":6843,"minecraft:sprint_one_cm":63679,"minecraft:damage_taken":1323,"minecraft:walk_one_cm":74634,"minecraft:mob_kills":1,"minecraft:drop":2,"minecraft:damage_dealt":151,"minecraft:interact_with_crafting_table":1,"minecraft:swim_one_cm":14957,"minecraft:fly_one_cm":111544,"minecraft:open_chest":7,"minecraft:play_time":40582,"minecraft:deaths":1,"minecraft:sneak_time":23,"minecraft:walk_under_water_one_cm":933,"minecraft:jump":544,"minecraft:eat_cake_slice":3,"minecraft:walk_on_water_one_cm":3702,"minecraft:time_since_death":23348,"minecraft:sleep_in_bed":3,"minecraft:climb_one_cm":2383,"minecraft:total_world_time":40582,"minecraft:fall_one_cm":15958,"minecraft:inspect_dispenser":1},"minecraft:killed":{"minecraft:husk":1},"minecraft:used":{"minecraft:cooked_mutton":1,"minecraft:iron_axe":124,"pamhc2crops:nopalesitem":4,"pamhc2crops:papyrusitem":1,"pamhc2crops:barrelcactusitem":1,"pamhc2crops:cactusfruititem":4,"minecraft:crafting_table":1,"pamhc2crops:cassavaitem":3,"minecraft:cooked_beef":2,"minecraft:golden_axe":2},"minecraft:dropped":{"alexsmobs:animal_dictionary":1,"minecraft:blue_orchid":1},"minecraft:picked_up":{"minecraft:book":6,"minecraft:stick":25,"minecraft:crafting_table":2,"valhelsia_structures:gray_sleeping_bag":1,"pamhc2crops:cactusfruititem":4,"pamhc2crops:spinachitem":1,"pamhc2crops:lentilitem":1,"pamhc2crops:yuccaitem":3,"pamhc2crops:caulifloweritem":1,"minecraft:torchflower_seeds":1,"pamhc2crops:ryeitem":1,"minecraft:spruce_log":109,"minecraft:carrot":5,"valhelsia_structures:white_sleeping_bag":1,"valhelsia_structures:explorers_tent":3,"minecraft:spider_eye":1,"minecraft:red_bed":1,"minecraft:bone":2,"minecraft:arrow":3,"minecraft:acacia_planks":3,"pamhc2crops:barrelcactusitem":3,"pamhc2crops:sisalitem":2,"pamhc2crops:wolfberryitem":3,"pamhc2crops:papyrusitem":1,"pamhc2crops:cassavaitem":2,"pamhc2crops:nopalesitem":5,"pamhc2crops:chickpeaitem":1,"pamhc2crops:agaveitem":2,"minecraft:chiseled_red_sandstone":1,"pamhc2crops:cloudberryitem":1,"valhelsia_structures:light_gray_sleeping_bag":1,"minecraft:coal":3},"minecraft:crafted":{"minecraft:iron_axe":1,"minecraft:iron_pickaxe":1},"minecraft:mined":{"valhelsia_structures:explorers_tent":3,"pamhc2trees:pamlychee":1,"minecraft:carrots":2,"minecraft:red_bed":1,"pamhc2crops:aridgarden":27,"minecraft:spruce_log":109,"minecraft:torchflower_crop":1,"minecraft:crafting_table":2,"minecraft:ladder":2,"minecraft:grass":1,"minecraft:bookshelf":2,"pamhc2crops:frostgarden":5,"minecraft:dead_bush":30,"minecraft:acacia_planks":3}},"DataVersion":3465}