{"stats":{"minecraft:custom":{"minecraft:mob_kills":25,"minecraft:interact_with_crafting_table":11,"minecraft:damage_dealt_resisted":159,"minecraft:eat_cake_slice":3,"minecraft:time_since_death":46054,"minecraft:climb_one_cm":4856,"minecraft:sprint_one_cm":191823,"minecraft:walk_one_cm":217413,"minecraft:damage_blocked_by_shield":2271,"minecraft:drop":33,"minecraft:play_time":94582,"minecraft:deaths":3,"minecraft:sneak_time":872,"minecraft:walk_under_water_one_cm":7766,"minecraft:boat_one_cm":72359,"minecraft:jump":1589,"minecraft:walk_on_water_one_cm":11528,"minecraft:total_world_time":94582,"minecraft:interact_with_furnace":4,"minecraft:sleep_in_bed":5,"minecraft:time_since_rest":21291,"minecraft:damage_taken":3334,"minecraft:damage_dealt":4948,"minecraft:swim_one_cm":35470,"minecraft:fly_one_cm":313613,"minecraft:open_chest":93,"minecraft:crouch_one_cm":2080,"minecraft:fall_one_cm":40253,"minecraft:inspect_dispenser":1},"minecraft:broken":{"minecraft:iron_boots":1,"minecraft:iron_axe":1},"minecraft:killed":{"minecraft:cave_spider":3,"minecraft:spider":2,"alexsmobs:bald_eagle":1,"born_in_chaos_v1:baby_skeleton_minion":1,"born_in_chaos_v1:maggot":1,"minecraft:skeleton":3,"minecraft:husk":1,"born_in_chaos_v1:bonescaller":1,"born_in_chaos_v1:baby_skeleton":1,"born_in_chaos_v1:swarmer":1,"born_in_chaos_v1:decrepit_skeleton":2,"alexsmobs:emu":1,"minecraft:zombie":3,"alexsmobs:cockroach":2,"born_in_chaos_v1:corpse_fly":1,"alexsmobs:fly":1},"minecraft:used":{"minecraft:iron_bars":1,"minecraft:spruce_planks":27,"minecraft:shield":42,"minecraft:rotten_flesh":2,"minecraft:torch":16,"minecraft:spruce_boat":2,"minecraft:iron_axe":252,"pamhc2crops:papyrusitem":1,"minecraft:stone_bricks":24,"minecraft:furnace":1,"minecraft:cooked_beef":8,"minecraft:golden_axe":2,"minecraft:cooked_mutton":1,"pamhc2crops:cloudberryitem":2,"pamhc2crops:cactusfruititem":4,"pamhc2crops:spinachitem":1,"minecraft:glow_berries":28,"minecraft:crafting_table":4,"minecraft:red_bed":3,"pamhc2trees:papayaitem":1,"pamhc2crops:nopalesitem":4,"minecraft:iron_pickaxe":90,"pamhc2crops:barrelcactusitem":1,"minecraft:potion":1,"pamhc2crops:cassavaitem":3},"minecraft:dropped":{"minecraft:brown_mushroom":1,"minecraft:mossy_cobblestone":1,"minecraft:glass_bottle":1,"minecraft:feather":1,"minecraft:cobblestone":1,"minecraft:coal":1,"pamhc2crops:caulifloweritem":1,"minecraft:bone":9,"minecraft:pitcher_plant":5,"alexsmobs:animal_dictionary":1,"minecraft:rotten_flesh":2,"pamhc2crops:ryeitem":1,"born_in_chaos_v1:spiritual_dust":1,"minecraft:filled_map":1,"minecraft:spruce_boat":1,"minecraft:mossy_stone_bricks":2,"minecraft:bamboo":3,"minecraft:blue_orchid":1,"minecraft:iron_bars":7,"minecraft:arrow":5},"minecraft:picked_up":{"minecraft:crafting_table":5,"minecraft:brown_mushroom":1,"pamhc2crops:ryeitem":2,"minecraft:moss_carpet":6,"minecraft:red_bed":3,"alexsmobs:emu_feather":2,"minecraft:spruce_planks":5,"pamhc2crops:agaveitem":2,"minecraft:azalea":4,"pamhc2crops:cloudberryitem":1,"valhelsia_structures:light_gray_sleeping_bag":1,"minecraft:chest":1,"minecraft:iron_boots":1,"minecraft:furnace":1,"minecraft:raw_iron":3,"minecraft:stick":35,"valhelsia_structures:gray_sleeping_bag":1,"minecraft:raw_gold_block":1,"pamhc2crops:cactusfruititem":4,"pamhc2crops:yuccaitem":3,"pamhc2crops:spinachitem":1,"minecraft:carrot":5,"valhelsia_structures:white_sleeping_bag":1,"valhelsia_structures:explorers_tent":3,"minecraft:arrow":7,"minecraft:rotten_flesh":4,"minecraft:decorated_pot":1,"pamhc2crops:nopalesitem":5,"minecraft:glow_berries":25,"minecraft:iron_bars":8,"minecraft:cobblestone":1,"minecraft:heartbreak_pottery_sherd":1,"minecraft:feather":1,"born_in_chaos_v1:spiritual_dust":2,"pamhc2trees:papayaitem":2,"pamhc2crops:caulifloweritem":1,"minecraft:torchflower":2,"paraglider:spirit_orb":18,"minecraft:bone":11,"minecraft:acacia_planks":3,"pamhc2crops:sisalitem":2,"alexsmobs:cockroach_wing_fragment":2,"minecraft:blade_pottery_sherd":1,"pamhc2crops:cassavaitem":2,"pamhc2crops:papyrusitem":1,"minecraft:mossy_stone_bricks":2,"minecraft:bamboo":63,"minecraft:flowering_azalea":4,"minecraft:book":6,"minecraft:pitcher_plant":5,"pamhc2crops:lentilitem":1,"born_in_chaos_v1:orbofthe_summoner":1,"minecraft:torchflower_seeds":1,"minecraft:spruce_log":109,"minecraft:spider_eye":3,"minecraft:mossy_cobblestone":1,"minecraft:slime_ball":2,"minecraft:spruce_boat":2,"pamhc2crops:barrelcactusitem":3,"minecraft:miner_pottery_sherd":1,"pamhc2crops:wolfberryitem":3,"pamhc2crops:chickpeaitem":1,"alexsmobs:maggot":2,"minecraft:chiseled_red_sandstone":1,"minecraft:coal":68},"minecraft:crafted":{"minecraft:furnace":1,"minecraft:iron_axe":2,"minecraft:spruce_boat":1,"minecraft:spruce_planks":36,"minecraft:air":0,"minecraft:shield":1,"minecraft:raw_gold":9,"minecraft:iron_ingot":7,"minecraft:iron_pickaxe":2,"minecraft:gold_ingot":13},"minecraft:mined":{"minecraft:spruce_planks":6,"minecraft:jungle_leaves":6,"minecraft:cave_vines_plant":7,"minecraft:ladder":2,"pamhc2crops:tropicalgarden":1,"minecraft:decorated_pot":2,"minecraft:spawner":9,"pamhc2trees:pamcoconut":1,"pamhc2trees:pamlychee":1,"minecraft:furnace":1,"minecraft:carrots":2,"minecraft:raw_gold_block":1,"minecraft:iron_ore":3,"minecraft:bookshelf":2,"minecraft:cave_vines":23,"minecraft:iron_bars":8,"minecraft:bamboo":6,"minecraft:azalea":4,"minecraft:stone":1,"valhelsia_structures:explorers_tent":3,"minecraft:flowering_azalea":4,"minecraft:red_bed":3,"minecraft:crafting_table":5,"minecraft:chest":1,"minecraft:dead_bush":30,"pamhc2crops:aridgarden":27,"minecraft:spruce_log":109,"minecraft:torchflower":2,"minecraft:torchflower_crop":1,"minecraft:pitcher_plant":5,"minecraft:grass":3,"minecraft:coal_ore":64,"pamhc2crops:frostgarden":5,"minecraft:acacia_planks":3,"minecraft:stone_bricks":1}},"DataVersion":3465}