{"stats":{"minecraft:custom":{"minecraft:mob_kills":6,"minecraft:interact_with_crafting_table":4,"minecraft:eat_cake_slice":3,"minecraft:time_since_death":16054,"minecraft:sleep_in_bed":4,"minecraft:climb_one_cm":2547,"minecraft:time_since_rest":7450,"minecraft:sprint_one_cm":135631,"minecraft:damage_blocked_by_shield":298,"minecraft:damage_taken":2096,"minecraft:walk_one_cm":137292,"minecraft:drop":9,"minecraft:damage_dealt":1458,"minecraft:swim_one_cm":32486,"minecraft:fly_one_cm":282156,"minecraft:open_chest":41,"minecraft:crouch_one_cm":90,"minecraft:play_time":64582,"minecraft:deaths":3,"minecraft:sneak_time":59,"minecraft:walk_under_water_one_cm":5664,"minecraft:boat_one_cm":14509,"minecraft:jump":1289,"minecraft:walk_on_water_one_cm":9519,"minecraft:total_world_time":64582,"minecraft:fall_one_cm":35646,"minecraft:inspect_dispenser":1},"minecraft:killed":{"minecraft:husk":1,"born_in_chaos_v1:baby_skeleton":1,"born_in_chaos_v1:swarmer":1,"alexsmobs:bald_eagle":1,"alexsmobs:emu":1,"born_in_chaos_v1:corpse_fly":1},"minecraft:used":{"minecraft:cooked_mutton":1,"minecraft:shield":9,"pamhc2crops:cactusfruititem":4,"minecraft:glow_berries":11,"minecraft:crafting_table":3,"minecraft:red_bed":1,"minecraft:spruce_boat":1,"minecraft:iron_axe":178,"pamhc2crops:nopalesitem":4,"minecraft:iron_pickaxe":71,"pamhc2crops:papyrusitem":1,"pamhc2crops:barrelcactusitem":1,"pamhc2crops:cassavaitem":3,"minecraft:cooked_beef":4,"minecraft:golden_axe":2},"minecraft:dropped":{"minecraft:brown_mushroom":1,"alexsmobs:animal_dictionary":1,"minecraft:rotten_flesh":2,"minecraft:feather":1,"minecraft:cobblestone":1,"minecraft:arrow":1,"minecraft:blue_orchid":1,"minecraft:bone":1},"minecraft:picked_up":{"minecraft:crafting_table":4,"minecraft:feather":1,"pamhc2trees:papayaitem":2,"minecraft:brown_mushroom":1,"pamhc2crops:caulifloweritem":1,"minecraft:torchflower":2,"pamhc2crops:ryeitem":1,"minecraft:red_bed":2,"minecraft:moss_carpet":6,"minecraft:bone":3,"minecraft:acacia_planks":3,"alexsmobs:emu_feather":2,"pamhc2crops:sisalitem":2,"minecraft:blade_pottery_sherd":1,"pamhc2crops:cassavaitem":2,"pamhc2crops:agaveitem":2,"pamhc2crops:papyrusitem":1,"minecraft:azalea":4,"minecraft:bamboo":11,"pamhc2crops:cloudberryitem":1,"valhelsia_structures:light_gray_sleeping_bag":1,"minecraft:flowering_azalea":4,"minecraft:book":6,"minecraft:stick":35,"minecraft:raw_iron":3,"minecraft:raw_gold_block":1,"valhelsia_structures:gray_sleeping_bag":1,"minecraft:pitcher_plant":5,"pamhc2crops:cactusfruititem":4,"pamhc2crops:lentilitem":1,"pamhc2crops:yuccaitem":3,"minecraft:torchflower_seeds":1,"pamhc2crops:spinachitem":1,"minecraft:spruce_log":109,"minecraft:carrot":5,"valhelsia_structures:explorers_tent":3,"valhelsia_structures:white_sleeping_bag":1,"minecraft:spider_eye":1,"minecraft:arrow":3,"minecraft:slime_ball":2,"minecraft:rotten_flesh":2,"minecraft:decorated_pot":1,"pamhc2crops:barrelcactusitem":3,"minecraft:miner_pottery_sherd":1,"pamhc2crops:wolfberryitem":3,"pamhc2crops:chickpeaitem":1,"pamhc2crops:nopalesitem":5,"minecraft:chiseled_red_sandstone":1,"minecraft:glow_berries":25,"minecraft:coal":67,"minecraft:cobblestone":1,"minecraft:heartbreak_pottery_sherd":1},"minecraft:crafted":{"minecraft:spruce_planks":20,"minecraft:shield":1,"minecraft:iron_axe":1,"minecraft:iron_ingot":4,"minecraft:iron_pickaxe":1,"minecraft:spruce_boat":1},"minecraft:mined":{"valhelsia_structures:explorers_tent":3,"minecraft:flowering_azalea":4,"minecraft:red_bed":2,"minecraft:crafting_table":4,"minecraft:cave_vines_plant":7,"minecraft:ladder":2,"minecraft:decorated_pot":2,"minecraft:dead_bush":30,"pamhc2trees:pamcoconut":1,"pamhc2trees:pamlychee":1,"minecraft:carrots":2,"minecraft:raw_gold_block":1,"pamhc2crops:aridgarden":27,"minecraft:iron_ore":3,"minecraft:torchflower_crop":1,"minecraft:torchflower":2,"minecraft:spruce_log":109,"minecraft:pitcher_plant":5,"minecraft:grass":2,"minecraft:bookshelf":2,"minecraft:coal_ore":64,"minecraft:cave_vines":18,"pamhc2crops:frostgarden":5,"minecraft:bamboo":1,"minecraft:azalea":4,"minecraft:acacia_planks":3,"minecraft:stone":1}},"DataVersion":3465}