{"stats":{"minecraft:killed":{"born_in_chaos_v1:zombie_clown":1,"minecraft:cave_spider":3,"born_in_chaos_v1:mr_pumpkin":2,"born_in_chaos_v1:zombie_lumberjack":1,"born_in_chaos_v1:restless_spirit":2,"minecraft:spider":10,"alexsmobs:bald_eagle":1,"born_in_chaos_v1:baby_skeleton_minion":1,"born_in_chaos_v1:scarlet_persecutor":2,"minecraft:skeleton":11,"minecraft:bee":1,"alexsmobs:leafcutter_ant":1,"born_in_chaos_v1:skeleton_thrasher":1,"born_in_chaos_v1:bonescaller":2,"born_in_chaos_v1:diamond_termite":2,"minecraft:zombie_villager":2,"minecraft:creeper":1,"minecraft:trader_llama":2,"minecraft:pillager":4,"minecraft:zombie":27,"born_in_chaos_v1:dread_hound":2,"born_in_chaos_v1:corpse_fly":13,"alexsmobs:fly":1,"minecraft:cow":7,"alexsmobs:raccoon":5,"born_in_chaos_v1:zombie_clown_not_despawn":1,"alexsmobs:tasmanian_devil":2,"born_in_chaos_v1:zombie_bruiser":1,"born_in_chaos_v1:maggot":7,"minecraft:horse":3,"minecraft:drowned":1,"born_in_chaos_v1:corpse_fish":5,"born_in_chaos_v1:fallen_chaos_knight":1,"minecraft:husk":1,"born_in_chaos_v1:baby_skeleton":1,"born_in_chaos_v1:swarmer":1,"minecraft:wandering_trader":1,"minecraft:squid":3,"born_in_chaos_v1:decrepit_skeleton":8,"alexsmobs:emu":1,"alexsmobs:cockroach":2},"minecraft:picked_up":{"minecraft:anvil":2,"minecraft:lead":15,"minecraft:enchanted_book":1,"minecraft:stone_brick_stairs":3,"minecraft:string":23,"minecraft:raw_copper":103,"minecraft:armor_stand":8,"cfm:spruce_blinds":9,"alexsmobs:emu_feather":2,"minecraft:cobbled_deepslate":3,"minecraft:spruce_planks":11,"minecraft:calcite":70,"minecraft:azalea":4,"born_in_chaos_v1:stimulating_decoction":2,"alexsmobs:raccoon_tail":2,"pamhc2crops:cloudberryitem":1,"immersive_melodies:triangle":1,"minecraft:coal_block":9,"valhelsia_structures:light_gray_sleeping_bag":1,"cgm:advanced_bullet":32,"minecraft:furnace":4,"minecraft:iron_boots":1,"minecraft:stick":35,"valhelsia_structures:gray_sleeping_bag":1,"pamhc2crops:cactusfruititem":4,"minecraft:torch":5,"minecraft:acacia_log":1,"pamhc2crops:yuccaitem":3,"minecraft:spruce_stairs":7,"minecraft:rotten_flesh":48,"minecraft:iron_bars":16,"minecraft:cobblestone":64,"minecraft:enchanting_table":1,"minecraft:feather":1,"born_in_chaos_v1:spiritual_dust":5,"minecraft:andesite":11,"pamhc2crops:caulifloweritem":1,"minecraft:potato":2,"minecraft:flint":1,"paraglider:spirit_orb":20,"cgm:heavy_rifle":1,"minecraft:lapis_lazuli":4,"minecraft:dirt":16,"minecraft:lantern":1,"born_in_chaos_v1:monster_skin":2,"minecraft:bone":91,"minecraft:chipped_anvil":1,"minecraft:acacia_planks":3,"minecraft:wheat_seeds":1,"pamhc2crops:sisalitem":2,"valhelsia_structures:metal_framed_glass_pane":2,"minecraft:dark_oak_sign":4,"pamhc2crops:papyrusitem":1,"minecraft:mossy_stone_bricks":2,"minecraft:bamboo":63,"minecraft:moss_block":1,"minecraft:oak_planks":4,"pamhc2crops:lentilitem":1,"minecraft:sand":34,"valhelsia_structures:cut_oak_post":4,"minecraft:stripped_spruce_log":1,"sophisticatedbackpacks:iron_backpack":1,"minecraft:ink_sac":7,"minecraft:mossy_cobblestone":2,"minecraft:light_gray_concrete":16,"minecraft:white_candle":2,"minecraft:spruce_boat":2,"minecraft:miner_pottery_sherd":1,"minecraft:bone_meal":2,"minecraft:golden_apple":1,"minecraft:chainmail_helmet":1,"minecraft:bread":1,"scalinghealth:cursed_heart":1,"minecraft:chiseled_red_sandstone":1,"alexsmobs:maggot":2,"born_in_chaos_v1:rotten_fish":3,"valhelsia_structures:unlit_lantern":3,"minecraft:bricks":1,"born_in_chaos_v1:diamond_termite_shard":2,"minecraft:crafting_table":6,"minecraft:ladder":5,"minecraft:clay_ball":68,"born_in_chaos_v1:seedof_chaos":1,"pamhc2trees:durianitem":3,"minecraft:brown_mushroom":1,"minecraft:chain":1,"pamhc2crops:ryeitem":2,"minecraft:red_bed":3,"minecraft:moss_carpet":6,"minecraft:iron_axe":2,"born_in_chaos_v1:intoxicating_decoction":2,"pamhc2trees:dragonfruititem":4,"minecraft:cracked_stone_bricks":3,"minecraft:beef":3,"born_in_chaos_v1:gnawed_bones":2,"pamhc2crops:agaveitem":2,"minecraft:lectern":1,"minecraft:chest":1,"minecraft:spruce_trapdoor":3,"pamhc2trees:dateitem":2,"minecraft:egg":2,"minecraft:raw_iron":21,"minecraft:raw_gold_block":1,"pamhc2trees:figitem":10,"pamhc2crops:spinachitem":1,"born_in_chaos_v1:pieceofdarkmetal":4,"minecraft:carrot":6,"minecraft:redstone":50,"valhelsia_structures:white_sleeping_bag":1,"valhelsia_structures:explorers_tent":3,"minecraft:arrow":16,"minecraft:decorated_pot":1,"cgm:assault_rifle":1,"pamhc2crops:nopalesitem":5,"pamhc2trees:grapefruititem":8,"minecraft:glow_berries":25,"minecraft:mutton":1,"minecraft:skeleton_skull":1,"minecraft:heartbreak_pottery_sherd":1,"minecraft:stripped_oak_log":2,"born_in_chaos_v1:corpse_maggot":13,"born_in_chaos_v1:monster_flesh":1,"pamhc2trees:papayaitem":2,"minecraft:leather":8,"minecraft:torchflower":2,"minecraft:oak_log":6,"scalinghealth:bandages":3,"minecraft:gunpowder":2,"scalinghealth:heart_crystal":3,"minecraft:white_banner":2,"minecraft:apple":8,"minecraft:stone_bricks":6,"alexsmobs:cockroach_wing_fragment":2,"minecraft:iron_ingot":1,"scalinghealth:power_crystal_shard":3,"minecraft:blade_pottery_sherd":1,"pamhc2crops:cassavaitem":2,"pamhc2trees:pecanitem":7,"minecraft:flowering_azalea":4,"minecraft:dark_oak_stairs":6,"pamhc2trees:hazelnutitem":9,"minecraft:book":39,"minecraft:oak_slab":2,"scalinghealth:heart_crystal_shard":3,"minecraft:smooth_basalt":8,"minecraft:black_candle":8,"minecraft:pitcher_plant":5,"born_in_chaos_v1:orbofthe_summoner":2,"born_in_chaos_v1:ethereal_spirit":5,"minecraft:raw_iron_block":10,"minecraft:torchflower_seeds":1,"minecraft:gravel":24,"minecraft:blast_furnace":2,"minecraft:spruce_log":109,"minecraft:spider_eye":4,"minecraft:spruce_door":2,"minecraft:slime_ball":2,"pamhc2crops:barrelcactusitem":3,"minecraft:chainmail_leggings":1,"pamhc2crops:wolfberryitem":3,"pamhc2crops:chickpeaitem":1,"minecraft:damaged_anvil":1,"minecraft:stripped_dark_oak_log":5,"minecraft:coal":147},"minecraft:used":{"minecraft:iron_shovel":54,"minecraft:shield":169,"minecraft:rotten_flesh":7,"minecraft:white_candle":2,"valhelsia_structures:metal_framed_glass_pane":12,"minecraft:carrot":9,"minecraft:spruce_boat":2,"born_in_chaos_v1:corpse_maggot":10,"born_in_chaos_v1:smoked_flesh":3,"minecraft:bricks":1,"minecraft:lantern":1,"born_in_chaos_v1:gnawed_bones":2,"pamhc2crops:papyrusitem":1,"minecraft:stone_bricks":28,"pamhc2trees:dateitem":2,"minecraft:furnace":4,"pamhc2trees:figitem":4,"minecraft:egg":2,"cgm:heavy_rifle":32,"minecraft:dark_oak_stairs":2,"minecraft:spruce_door":2,"minecraft:dark_oak_sign":3,"minecraft:oak_planks":5,"cfm:spruce_cabinet":6,"cfm:spruce_blinds":17,"minecraft:clay":4,"pamhc2crops:cactusfruititem":4,"minecraft:golden_apple":2,"minecraft:glow_berries":28,"minecraft:sand":13,"minecraft:blast_furnace":1,"scalinghealth:cursed_heart":1,"minecraft:bread":30,"minecraft:gravel":15,"pamhc2crops:cassavaitem":3,"minecraft:andesite":1,"minecraft:golden_pickaxe":31,"minecraft:iron_bars":5,"minecraft:flint_and_steel":6,"minecraft:armor_stand":5,"minecraft:spruce_planks":41,"minecraft:torch":92,"minecraft:dirt":2,"cgm:workbench":1,"minecraft:anvil":2,"scalinghealth:heart_crystal":5,"minecraft:spruce_stairs":13,"minecraft:iron_axe":767,"minecraft:oak_stairs":1,"minecraft:iron_boots":3,"pamhc2trees:grapefruititem":7,"minecraft:cooked_beef":13,"minecraft:golden_axe":2,"minecraft:calcite":10,"minecraft:cooked_mutton":1,"pamhc2crops:cloudberryitem":2,"pamhc2trees:dragonfruititem":2,"minecraft:leather_boots":2,"minecraft:cracked_stone_bricks":1,"pamhc2crops:spinachitem":1,"minecraft:stripped_dark_oak_log":2,"minecraft:crafting_table":7,"minecraft:red_bed":3,"minecraft:light_gray_concrete_powder":16,"pamhc2trees:hazelnutitem":9,"pamhc2trees:papayaitem":1,"valhelsia_structures:cut_oak_post":1,"minecraft:apple":4,"pamhc2crops:nopalesitem":4,"minecraft:iron_pickaxe":400,"minecraft:spruce_trapdoor":3,"pamhc2crops:barrelcactusitem":1,"minecraft:cobblestone":32,"minecraft:potion":5,"cfm:spruce_park_bench":3,"minecraft:white_banner":2,"minecraft:cooked_porkchop":2,"minecraft:bucket":1,"minecraft:black_candle":8},"minecraft:mined":{"minecraft:spruce_planks":17,"minecraft:jungle_leaves":15,"minecraft:spruce_trapdoor":3,"minecraft:cave_vines_plant":7,"minecraft:grass_block":9,"minecraft:coal_block":9,"minecraft:spawner":10,"minecraft:raw_iron_block":10,"pamhc2trees:pamlychee":1,"minecraft:iron_ore":21,"minecraft:fire":1,"valhelsia_structures:bone_pile_block":2,"valhelsia_structures:andesite":1,"minecraft:pumpkin":1,"minecraft:anvil":2,"minecraft:dark_oak_stairs":6,"minecraft:enchanting_table":1,"valhelsia_structures:brown_glazed_jar":1,"minecraft:cave_vines":23,"minecraft:iron_bars":16,"minecraft:light_gray_concrete":16,"minecraft:black_candle":3,"minecraft:azalea":4,"minecraft:deepslate_redstone_ore":8,"valhelsia_structures:explorers_tent":3,"minecraft:red_bed":3,"born_in_chaos_v1:infected_deepslate_diamond_ore":1,"minecraft:clay":17,"minecraft:blast_furnace":2,"minecraft:calcite":70,"minecraft:chest":1,"minecraft:dead_bush":30,"minecraft:cobblestone":2,"minecraft:white_candle":1,"minecraft:damaged_anvil":1,"minecraft:oak_planks":4,"minecraft:bricks":1,"minecraft:wall_torch":5,"minecraft:skeleton_skull":1,"minecraft:red_candle":1,"valhelsia_structures:bone_pile":13,"pamhc2crops:aridgarden":27,"minecraft:torchflower_crop":1,"minecraft:pitcher_plant":5,"minecraft:stone_brick_stairs":3,"minecraft:grass":14,"minecraft:oak_log":3,"minecraft:sand":34,"minecraft:dirt":9,"minecraft:smooth_basalt":8,"born_in_chaos_v1:infernal_evil_pumpkin_s":1,"minecraft:deepslate":4,"minecraft:oak_leaves":1,"minecraft:ladder":7,"minecraft:allium":1,"pamhc2crops:tropicalgarden":1,"minecraft:decorated_pot":2,"alexsmobs:leafcutter_ant_chamber":1,"born_in_chaos_v1:gnawed_bones":1,"pamhc2trees:pamcoconut":1,"minecraft:redstone_ore":3,"minecraft:furnace":4,"minecraft:carrots":2,"minecraft:raw_gold_block":1,"valhelsia_structures:cracked_big_glazed_jar":1,"minecraft:andesite":8,"minecraft:stripped_spruce_log":1,"minecraft:bookshelf":17,"minecraft:potatoes":1,"minecraft:vine":31,"minecraft:stripped_oak_log":2,"minecraft:bamboo":6,"minecraft:stone":63,"scalinghealth:heart_crystal_ore":3,"minecraft:oak_slab":2,"valhelsia_structures:unlit_lantern":3,"minecraft:flowering_azalea":4,"minecraft:stripped_dark_oak_log":5,"minecraft:spruce_door":1,"minecraft:crafting_table":6,"minecraft:lectern":1,"cfm:spruce_blinds":9,"minecraft:copper_ore":31,"minecraft:tall_grass":3,"minecraft:deepslate_coal_ore":5,"minecraft:lapis_ore":1,"minecraft:spruce_stairs":7,"minecraft:black_stained_glass":2,"valhelsia_structures:metal_framed_glass_pane":2,"minecraft:ice":2,"minecraft:torchflower":2,"minecraft:spruce_log":109,"minecraft:white_wall_banner":1,"minecraft:coal_ore":75,"minecraft:pitcher_crop":1,"pamhc2crops:frostgarden":5,"minecraft:gravel":25,"valhelsia_structures:cut_oak_post":3,"minecraft:cracked_stone_bricks":3,"minecraft:acacia_planks":3,"minecraft:stone_bricks":7,"minecraft:chipped_anvil":1,"minecraft:fern":1},"minecraft:custom":{"minecraft:interact_with_crafting_table":57,"minecraft:open_barrel":62,"minecraft:eat_cake_slice":13,"minecraft:leave_game":3,"minecraft:time_since_death":7779,"minecraft:damage_resisted":2,"minecraft:sprint_one_cm":613527,"minecraft:damage_blocked_by_shield":12792,"minecraft:drop":62,"minecraft:talked_to_villager":1,"minecraft:play_time":383464,"minecraft:deaths":12,"minecraft:jump":4644,"minecraft:walk_on_water_one_cm":42562,"minecraft:interact_with_furnace":36,"minecraft:sleep_in_bed":13,"minecraft:damage_dealt":33781,"minecraft:crouch_one_cm":11041,"minecraft:interact_with_smoker":4,"minecraft:inspect_dispenser":1,"minecraft:mob_kills":145,"minecraft:interact_with_anvil":3,"minecraft:damage_dealt_resisted":1200,"minecraft:climb_one_cm":28374,"minecraft:walk_one_cm":1086150,"minecraft:sneak_time":7955,"minecraft:walk_under_water_one_cm":42412,"minecraft:boat_one_cm":72359,"minecraft:interact_with_lectern":8,"minecraft:interact_with_blast_furnace":22,"minecraft:total_world_time":383464,"minecraft:tune_noteblock":6,"minecraft:pot_flower":1,"minecraft:time_since_rest":7641,"minecraft:damage_taken":14530,"minecraft:damage_absorbed":85,"minecraft:swim_one_cm":146541,"minecraft:fly_one_cm":909139,"minecraft:open_chest":146,"minecraft:fall_one_cm":117317},"minecraft:dropped":{"minecraft:brown_mushroom":1,"minecraft:glass_bottle":4,"minecraft:dirt":7,"minecraft:mutton":1,"minecraft:gold_nugget":7,"minecraft:iron_pickaxe":1,"minecraft:bone":9,"minecraft:iron_nugget":1,"alexsmobs:animal_dictionary":1,"immersive_melodies:flute":1,"minecraft:rotten_flesh":5,"pamhc2crops:ryeitem":1,"pamhc2trees:grapefruititem":1,"minecraft:chainmail_chestplate":1,"born_in_chaos_v1:corpse_maggot":1,"minecraft:leather_boots":1,"minecraft:iron_bars":11,"minecraft:arrow":9,"minecraft:beef":3,"minecraft:bread":2,"minecraft:wheat_seeds":1,"minecraft:mossy_cobblestone":2,"minecraft:lead":1,"minecraft:feather":1,"minecraft:cobblestone":13,"minecraft:coal":1,"pamhc2crops:caulifloweritem":1,"minecraft:iron_axe":2,"minecraft:paper":7,"minecraft:smooth_basalt":8,"minecraft:pitcher_plant":5,"born_in_chaos_v1:spiritual_dust":1,"minecraft:filled_map":1,"minecraft:spruce_boat":1,"alexsmobs:cockroach_wing_fragment":2,"minecraft:mossy_stone_bricks":2,"minecraft:bamboo":3,"minecraft:blue_orchid":1},"minecraft:broken":{"minecraft:iron_boots":2,"minecraft:iron_leggings":1,"minecraft:shield":1,"minecraft:iron_axe":3,"minecraft:iron_pickaxe":1,"minecraft:iron_helmet":1},"minecraft:crafted":{"minecraft:black_dye":7,"minecraft:light_gray_concrete_powder":16,"valhelsia_structures:metal_framed_glass":8,"minecraft:oak_planks":32,"immersive_melodies:tiny_drum":1,"minecraft:glass":13,"minecraft:chest":1,"sophisticatedbackpacks:backpack":1,"minecraft:crafting_table":1,"minecraft:spruce_planks":96,"minecraft:golden_pickaxe":1,"immersive_melodies:lute":1,"minecraft:copper_ingot":7,"cfm:spruce_blinds":8,"minecraft:shield":2,"minecraft:stick":36,"minecraft:iron_ingot":64,"minecraft:iron_pickaxe":3,"valhelsia_structures:metal_framed_glass_pane":16,"minecraft:gold_ingot":13,"minecraft:light_gray_dye":8,"cfm:spruce_park_bench":4,"minecraft:raw_iron":45,"immersive_melodies:trumpet":1,"minecraft:furnace":2,"minecraft:gray_dye":14,"minecraft:bone_meal":9,"immersive_melodies:flute":1,"minecraft:flint_and_steel":1,"minecraft:terracotta":1,"minecraft:spruce_stairs":16,"minecraft:iron_axe":4,"minecraft:spruce_boat":1,"cgm:workbench":1,"cfm:spruce_cabinet":6,"minecraft:air":0,"minecraft:white_dye":11,"minecraft:raw_gold":9,"chiselsandbits:chisel_iron":1,"minecraft:oak_stairs":4,"minecraft:iron_shovel":1,"minecraft:acacia_planks":4,"minecraft:torch":52,"minecraft:clay":6}},"DataVersion":3465}