{"stats":{"minecraft:custom":{"minecraft:mob_kills":44,"minecraft:interact_with_crafting_table":15,"minecraft:open_barrel":12,"minecraft:damage_dealt_resisted":219,"minecraft:eat_cake_slice":10,"minecraft:leave_game":1,"minecraft:time_since_death":25676,"minecraft:climb_one_cm":12260,"minecraft:sprint_one_cm":310114,"minecraft:walk_one_cm":361125,"minecraft:damage_blocked_by_shield":4827,"minecraft:drop":42,"minecraft:talked_to_villager":1,"minecraft:play_time":165398,"minecraft:deaths":5,"minecraft:sneak_time":1084,"minecraft:walk_under_water_one_cm":15040,"minecraft:boat_one_cm":72359,"minecraft:interact_with_lectern":8,"minecraft:jump":2357,"minecraft:walk_on_water_one_cm":17485,"minecraft:total_world_time":165398,"minecraft:interact_with_furnace":13,"minecraft:tune_noteblock":6,"minecraft:pot_flower":1,"minecraft:sleep_in_bed":7,"minecraft:time_since_rest":2256,"minecraft:damage_taken":5032,"minecraft:damage_absorbed":78,"minecraft:damage_dealt":8583,"minecraft:swim_one_cm":55416,"minecraft:fly_one_cm":469412,"minecraft:open_chest":110,"minecraft:crouch_one_cm":2104,"minecraft:fall_one_cm":57581,"minecraft:inspect_dispenser":1},"minecraft:mined":{"minecraft:spruce_planks":8,"minecraft:jungle_leaves":6,"minecraft:cave_vines_plant":7,"minecraft:ladder":2,"pamhc2crops:tropicalgarden":1,"minecraft:grass_block":2,"minecraft:decorated_pot":2,"alexsmobs:leafcutter_ant_chamber":1,"minecraft:spawner":10,"pamhc2trees:pamcoconut":1,"pamhc2trees:pamlychee":1,"minecraft:furnace":2,"minecraft:carrots":2,"minecraft:raw_gold_block":1,"minecraft:iron_ore":3,"minecraft:pumpkin":1,"minecraft:enchanting_table":1,"minecraft:bookshelf":13,"minecraft:potatoes":1,"minecraft:cave_vines":23,"minecraft:vine":4,"minecraft:iron_bars":8,"minecraft:bamboo":6,"minecraft:azalea":4,"minecraft:stone":13,"valhelsia_structures:explorers_tent":3,"minecraft:flowering_azalea":4,"minecraft:red_bed":3,"minecraft:crafting_table":6,"minecraft:chest":1,"minecraft:dead_bush":30,"minecraft:lectern":1,"minecraft:tall_grass":1,"pamhc2crops:aridgarden":27,"minecraft:torchflower":2,"minecraft:torchflower_crop":1,"minecraft:spruce_log":109,"minecraft:pitcher_plant":5,"minecraft:grass":4,"minecraft:coal_ore":64,"minecraft:pitcher_crop":1,"pamhc2crops:frostgarden":5,"minecraft:dirt":9,"minecraft:acacia_planks":3,"born_in_chaos_v1:infernal_evil_pumpkin_s":1,"minecraft:stone_bricks":1,"minecraft:oak_leaves":1},"minecraft:dropped":{"minecraft:bread":2,"minecraft:brown_mushroom":1,"minecraft:mossy_cobblestone":1,"minecraft:glass_bottle":1,"minecraft:feather":1,"minecraft:cobblestone":13,"minecraft:coal":1,"pamhc2crops:caulifloweritem":1,"minecraft:dirt":7,"minecraft:iron_pickaxe":1,"minecraft:paper":7,"minecraft:bone":9,"minecraft:pitcher_plant":5,"alexsmobs:animal_dictionary":1,"minecraft:rotten_flesh":2,"pamhc2crops:ryeitem":1,"born_in_chaos_v1:spiritual_dust":1,"minecraft:filled_map":1,"minecraft:spruce_boat":1,"alexsmobs:cockroach_wing_fragment":2,"minecraft:mossy_stone_bricks":2,"born_in_chaos_v1:corpse_maggot":1,"minecraft:bamboo":3,"minecraft:iron_bars":7,"minecraft:arrow":5,"minecraft:blue_orchid":1},"minecraft:broken":{"minecraft:iron_boots":1,"minecraft:iron_axe":1},"minecraft:crafted":{"minecraft:furnace":1,"minecraft:iron_axe":2,"minecraft:spruce_boat":1,"minecraft:spruce_planks":40,"immersive_melodies:lute":1,"minecraft:air":0,"minecraft:shield":1,"minecraft:raw_gold":9,"minecraft:iron_ingot":7,"minecraft:iron_pickaxe":2,"minecraft:gold_ingot":13},"minecraft:killed":{"minecraft:cave_spider":3,"born_in_chaos_v1:mr_pumpkin":2,"alexsmobs:raccoon":2,"minecraft:spider":2,"alexsmobs:bald_eagle":1,"born_in_chaos_v1:baby_skeleton_minion":1,"born_in_chaos_v1:maggot":2,"minecraft:skeleton":5,"minecraft:horse":1,"alexsmobs:leafcutter_ant":1,"born_in_chaos_v1:corpse_fish":1,"minecraft:husk":1,"born_in_chaos_v1:bonescaller":1,"minecraft:zombie_villager":1,"born_in_chaos_v1:baby_skeleton":1,"born_in_chaos_v1:swarmer":1,"born_in_chaos_v1:decrepit_skeleton":2,"alexsmobs:emu":1,"minecraft:zombie":6,"alexsmobs:cockroach":2,"born_in_chaos_v1:corpse_fly":1,"alexsmobs:fly":1,"minecraft:cow":5},"minecraft:picked_up":{"minecraft:crafting_table":6,"minecraft:brown_mushroom":1,"minecraft:lead":7,"pamhc2crops:ryeitem":2,"minecraft:moss_carpet":6,"minecraft:string":10,"minecraft:red_bed":3,"alexsmobs:emu_feather":2,"minecraft:spruce_planks":5,"pamhc2crops:agaveitem":2,"minecraft:azalea":4,"alexsmobs:raccoon_tail":1,"pamhc2crops:cloudberryitem":1,"minecraft:lectern":1,"valhelsia_structures:light_gray_sleeping_bag":1,"minecraft:chest":1,"minecraft:furnace":2,"minecraft:iron_boots":1,"minecraft:stick":35,"minecraft:raw_iron":3,"minecraft:raw_gold_block":1,"valhelsia_structures:gray_sleeping_bag":1,"pamhc2trees:figitem":3,"pamhc2crops:cactusfruititem":4,"pamhc2crops:yuccaitem":3,"pamhc2crops:spinachitem":1,"minecraft:carrot":5,"valhelsia_structures:explorers_tent":3,"valhelsia_structures:white_sleeping_bag":1,"minecraft:arrow":9,"minecraft:rotten_flesh":7,"minecraft:decorated_pot":1,"pamhc2crops:nopalesitem":5,"minecraft:glow_berries":25,"minecraft:iron_bars":8,"minecraft:cobblestone":13,"minecraft:heartbreak_pottery_sherd":1,"minecraft:enchanting_table":1,"born_in_chaos_v1:corpse_maggot":1,"minecraft:feather":1,"born_in_chaos_v1:spiritual_dust":2,"pamhc2trees:papayaitem":2,"minecraft:leather":1,"minecraft:potato":2,"pamhc2crops:caulifloweritem":1,"minecraft:torchflower":2,"paraglider:spirit_orb":20,"minecraft:dirt":9,"minecraft:bone":11,"minecraft:acacia_planks":3,"pamhc2crops:sisalitem":2,"alexsmobs:cockroach_wing_fragment":2,"scalinghealth:power_crystal_shard":3,"minecraft:blade_pottery_sherd":1,"pamhc2crops:cassavaitem":2,"pamhc2crops:papyrusitem":1,"minecraft:mossy_stone_bricks":2,"minecraft:bamboo":63,"minecraft:flowering_azalea":4,"pamhc2trees:hazelnutitem":2,"minecraft:book":39,"minecraft:pitcher_plant":5,"pamhc2crops:lentilitem":1,"born_in_chaos_v1:orbofthe_summoner":1,"minecraft:torchflower_seeds":1,"minecraft:spruce_log":109,"minecraft:spider_eye":3,"minecraft:mossy_cobblestone":1,"minecraft:slime_ball":2,"minecraft:spruce_boat":2,"pamhc2crops:barrelcactusitem":3,"minecraft:miner_pottery_sherd":1,"pamhc2crops:wolfberryitem":3,"pamhc2crops:chickpeaitem":1,"minecraft:golden_apple":1,"minecraft:bread":1,"alexsmobs:maggot":2,"minecraft:chiseled_red_sandstone":1,"born_in_chaos_v1:rotten_fish":1,"minecraft:coal":131},"minecraft:used":{"minecraft:iron_bars":1,"minecraft:spruce_planks":28,"minecraft:shield":76,"minecraft:rotten_flesh":2,"minecraft:torch":20,"minecraft:dirt":2,"minecraft:spruce_boat":2,"minecraft:iron_axe":318,"pamhc2crops:papyrusitem":1,"minecraft:stone_bricks":24,"minecraft:furnace":3,"minecraft:cooked_beef":8,"minecraft:golden_axe":2,"minecraft:cooked_mutton":1,"pamhc2crops:cloudberryitem":2,"pamhc2crops:cactusfruititem":4,"pamhc2crops:spinachitem":1,"minecraft:golden_apple":2,"minecraft:glow_berries":28,"minecraft:red_bed":3,"minecraft:crafting_table":6,"pamhc2trees:hazelnutitem":2,"pamhc2trees:papayaitem":1,"minecraft:bread":10,"pamhc2crops:nopalesitem":4,"minecraft:iron_pickaxe":108,"pamhc2crops:barrelcactusitem":1,"minecraft:potion":1,"pamhc2crops:cassavaitem":3,"minecraft:cooked_porkchop":2}},"DataVersion":3465}