{"stats":{"minecraft:dropped":{"minecraft:clay":1,"minecraft:moss_block":1,"minecraft:brown_mushroom":1,"minecraft:dark_oak_stairs":4,"minecraft:oak_log":1,"minecraft:glass_bottle":4,"minecraft:red_nether_brick_slab":2,"minecraft:cracked_stone_bricks":1,"minecraft:dirt":10,"minecraft:dark_oak_fence":1,"minecraft:mutton":1,"minecraft:chain":1,"minecraft:gold_nugget":7,"minecraft:iron_pickaxe":2,"minecraft:cyan_carpet":2,"chiselsandbits:block_bit":26,"minecraft:bone":16,"minecraft:gravel":1,"minecraft:iron_nugget":1,"alexsmobs:animal_dictionary":1,"minecraft:cobbled_deepslate":4,"immersive_melodies:flute":1,"minecraft:rotten_flesh":63,"minecraft:oak_planks":1,"pamhc2crops:ryeitem":1,"pamhc2trees:grapefruititem":1,"minecraft:chainmail_chestplate":1,"born_in_chaos_v1:corpse_maggot":1,"minecraft:leather_boots":1,"minecraft:ladder":5,"minecraft:red_nether_bricks":2,"minecraft:iron_bars":11,"minecraft:arrow":9,"minecraft:beef":3,"minecraft:netherrack":1,"minecraft:bread":2,"minecraft:stripped_spruce_log":1,"minecraft:wheat_seeds":1,"minecraft:mangrove_trapdoor":2,"minecraft:mossy_cobblestone":2,"minecraft:smooth_quartz_stairs":2,"minecraft:feather":1,"minecraft:cobblestone":18,"minecraft:lead":1,"minecraft:coal":1,"pamhc2crops:caulifloweritem":1,"minecraft:oak_stairs":3,"minecraft:iron_axe":2,"minecraft:chipped_anvil":1,"minecraft:paper":7,"minecraft:smooth_basalt":8,"minecraft:pitcher_plant":5,"minecraft:tuff":7,"minecraft:clay_ball":192,"minecraft:damaged_anvil":1,"born_in_chaos_v1:spiritual_dust":1,"minecraft:filled_map":1,"minecraft:spruce_boat":1,"alexsmobs:cockroach_wing_fragment":2,"minecraft:spruce_planks":1,"minecraft:andesite":6,"minecraft:mossy_stone_bricks":2,"minecraft:stone_bricks":2,"minecraft:spider_eye":2,"minecraft:bamboo":3,"minecraft:blue_orchid":1,"minecraft:raw_gold":3,"minecraft:terracotta":1},"minecraft:mined":{"minecraft:red_nether_brick_slab":2,"valhelsia_structures:hanging_vines":1,"minecraft:spruce_planks":18,"minecraft:cobbled_deepslate_stairs":1,"minecraft:jungle_leaves":15,"minecraft:red_nether_bricks":2,"minecraft:spruce_trapdoor":3,"minecraft:cave_vines_plant":7,"minecraft:red_sand":3,"minecraft:grass_block":10,"minecraft:coal_block":22,"minecraft:spawner":19,"minecraft:magma_block":9,"minecraft:raw_iron_block":10,"pamhc2trees:pamlychee":1,"minecraft:dark_oak_trapdoor":1,"minecraft:red_nether_brick_stairs":1,"minecraft:iron_ore":22,"minecraft:fire":36,"valhelsia_structures:bone_pile_block":2,"valhelsia_structures:andesite":2,"minecraft:pumpkin":1,"minecraft:deepslate_lapis_ore":1,"minecraft:anvil":2,"minecraft:nether_brick_stairs":4,"minecraft:enchanting_table":1,"minecraft:dark_oak_stairs":8,"valhelsia_structures:brown_glazed_jar":2,"minecraft:cave_vines":23,"minecraft:oak_stairs":1,"minecraft:iron_bars":16,"minecraft:light_gray_concrete":17,"minecraft:black_candle":4,"minecraft:azalea":4,"minecraft:stripped_mangrove_wood":1,"minecraft:deepslate_redstone_ore":23,"valhelsia_structures:explorers_tent":3,"minecraft:blackstone":9,"minecraft:red_bed":3,"minecraft:yellow_banner":1,"minecraft:clay":67,"born_in_chaos_v1:infected_deepslate_diamond_ore":4,"minecraft:blast_furnace":3,"minecraft:polished_andesite_stairs":1,"minecraft:calcite":104,"minecraft:chest":1,"minecraft:dead_bush":30,"minecraft:cobblestone":6,"minecraft:white_candle":1,"minecraft:cyan_bed":1,"minecraft:damaged_anvil":1,"minecraft:oak_planks":4,"minecraft:bricks":4,"minecraft:wall_torch":9,"minecraft:skeleton_skull":1,"minecraft:red_candle":1,"valhelsia_structures:bone_pile":13,"minecraft:dark_oak_slab":7,"pamhc2crops:aridgarden":27,"minecraft:torchflower_crop":1,"minecraft:pitcher_plant":5,"minecraft:stone_brick_stairs":3,"minecraft:grass":14,"minecraft:oak_log":3,"minecraft:sand":34,"minecraft:dirt":15,"minecraft:smooth_basalt":15,"born_in_chaos_v1:infernal_evil_pumpkin_s":1,"minecraft:netherrack":1,"minecraft:cyan_candle":5,"minecraft:deepslate":139,"minecraft:oak_leaves":3,"minecraft:tuff":11,"minecraft:yellow_wall_banner":1,"minecraft:mossy_cobblestone":1,"minecraft:deepslate_diamond_ore":16,"minecraft:nether_bricks":8,"minecraft:dark_oak_fence":1,"minecraft:ladder":7,"minecraft:allium":2,"pamhc2crops:tropicalgarden":1,"minecraft:black_banner":1,"minecraft:decorated_pot":2,"alexsmobs:leafcutter_ant_chamber":1,"minecraft:mangrove_trapdoor":2,"born_in_chaos_v1:gnawed_bones":1,"pamhc2trees:pamcoconut":1,"minecraft:redstone_ore":3,"minecraft:furnace":4,"minecraft:carrots":2,"minecraft:raw_gold_block":1,"valhelsia_structures:cracked_big_glazed_jar":1,"minecraft:andesite":52,"minecraft:stripped_spruce_log":1,"minecraft:bookshelf":17,"minecraft:potatoes":1,"minecraft:vine":42,"minecraft:stripped_oak_log":2,"minecraft:smooth_quartz_stairs":8,"minecraft:bamboo":6,"minecraft:stone":156,"scalinghealth:heart_crystal_ore":3,"minecraft:oak_slab":2,"valhelsia_structures:unlit_lantern":3,"minecraft:flowering_azalea":4,"minecraft:redstone_block":6,"minecraft:soul_sand":1,"minecraft:stripped_dark_oak_log":5,"minecraft:spruce_door":1,"minecraft:polished_granite":3,"minecraft:crafting_table":9,"minecraft:lectern":1,"cfm:spruce_blinds":9,"minecraft:copper_ore":39,"minecraft:tall_grass":3,"minecraft:deepslate_coal_ore":5,"minecraft:lapis_ore":1,"minecraft:spruce_stairs":8,"minecraft:black_stained_glass":2,"minecraft:coarse_dirt":3,"valhelsia_structures:metal_framed_glass_pane":2,"minecraft:ice":2,"minecraft:torchflower":2,"minecraft:spruce_log":113,"minecraft:white_wall_banner":2,"minecraft:coal_ore":75,"minecraft:pitcher_crop":1,"pamhc2crops:frostgarden":5,"minecraft:cyan_carpet":2,"minecraft:gravel":49,"valhelsia_structures:cut_oak_post":3,"minecraft:cracked_stone_bricks":3,"minecraft:acacia_planks":3,"minecraft:stone_bricks":7,"minecraft:chipped_anvil":1,"minecraft:gold_ore":3,"minecraft:fern":1},"minecraft:killed":{"born_in_chaos_v1:zombie_clown":1,"minecraft:cave_spider":3,"born_in_chaos_v1:mr_pumpkin":2,"born_in_chaos_v1:restless_spirit":3,"born_in_chaos_v1:zombie_lumberjack":2,"minecraft:spider":13,"alexsmobs:bald_eagle":1,"born_in_chaos_v1:baby_skeleton_minion":1,"born_in_chaos_v1:scarlet_persecutor":2,"minecraft:skeleton":22,"minecraft:bee":2,"alexsmobs:leafcutter_ant":1,"born_in_chaos_v1:skeleton_thrasher":1,"born_in_chaos_v1:bonescaller":2,"alexsmobs:grizzly_bear":1,"minecraft:zombie_villager":2,"born_in_chaos_v1:diamond_termite":7,"minecraft:creeper":5,"minecraft:trader_llama":2,"minecraft:pillager":4,"minecraft:zombie":38,"alexsmobs:cachalot_whale":1,"born_in_chaos_v1:dread_hound":3,"born_in_chaos_v1:corpse_fly":20,"alexsmobs:fly":1,"minecraft:cow":7,"born_in_chaos_v1:zombie_clown_not_despawn":1,"alexsmobs:raccoon":5,"alexsmobs:tasmanian_devil":5,"born_in_chaos_v1:zombie_bruiser":2,"born_in_chaos_v1:maggot":13,"minecraft:horse":3,"born_in_chaos_v1:corpse_fish":5,"minecraft:drowned":1,"goblintraders:goblin_trader":1,"born_in_chaos_v1:fallen_chaos_knight":1,"minecraft:husk":17,"born_in_chaos_v1:baby_skeleton":1,"born_in_chaos_v1:swarmer":1,"minecraft:wandering_trader":1,"minecraft:squid":3,"born_in_chaos_v1:decrepit_skeleton":11,"alexsmobs:emu":1,"born_in_chaos_v1:decaying_zombie":2,"alexsmobs:cockroach":2,"born_in_chaos_v1:dark_vortex":1,"minecraft:enderman":1},"minecraft:custom":{"minecraft:interact_with_crafting_table":85,"minecraft:open_barrel":77,"minecraft:eat_cake_slice":13,"minecraft:leave_game":3,"minecraft:time_since_death":50699,"minecraft:damage_resisted":2,"minecraft:sprint_one_cm":846267,"minecraft:damage_blocked_by_shield":16284,"minecraft:drop":113,"minecraft:talked_to_villager":1,"minecraft:play_time":527125,"minecraft:deaths":17,"minecraft:jump":7152,"minecraft:walk_on_water_one_cm":63437,"minecraft:interact_with_furnace":41,"minecraft:sleep_in_bed":17,"minecraft:damage_dealt":46645,"minecraft:crouch_one_cm":45767,"minecraft:interact_with_smoker":5,"minecraft:inspect_dispenser":1,"minecraft:interact_with_anvil":4,"minecraft:mob_kills":230,"minecraft:damage_dealt_resisted":2124,"minecraft:climb_one_cm":30911,"minecraft:walk_one_cm":1496845,"minecraft:damage_dealt_absorbed":119,"minecraft:sneak_time":24518,"minecraft:walk_under_water_one_cm":57259,"minecraft:interact_with_lectern":8,"minecraft:boat_one_cm":72359,"minecraft:interact_with_blast_furnace":39,"minecraft:total_world_time":527125,"minecraft:tune_noteblock":6,"minecraft:pot_flower":1,"minecraft:time_since_rest":50567,"minecraft:damage_taken":20669,"minecraft:damage_absorbed":115,"minecraft:swim_one_cm":179901,"minecraft:fly_one_cm":1401582,"minecraft:open_chest":179,"minecraft:fall_one_cm":180947},"minecraft:crafted":{"minecraft:black_dye":7,"minecraft:light_gray_concrete_powder":16,"valhelsia_structures:metal_framed_glass":8,"minecraft:oak_planks":32,"immersive_melodies:tiny_drum":1,"securitycraft:laser_block":1,"minecraft:glass":13,"minecraft:bow":1,"minecraft:chest":1,"minecraft:magenta_dye":1,"sophisticatedbackpacks:backpack":1,"minecraft:diamond_axe":1,"minecraft:crafting_table":3,"minecraft:spruce_planks":128,"minecraft:wooden_pickaxe":1,"minecraft:golden_pickaxe":1,"immersive_melodies:lute":1,"minecraft:copper_ingot":59,"cfm:spruce_blinds":8,"minecraft:dispenser":1,"minecraft:shield":3,"minecraft:stick":49,"minecraft:iron_ingot":114,"minecraft:iron_pickaxe":5,"minecraft:iron_block":3,"minecraft:gold_ingot":13,"valhelsia_structures:metal_framed_glass_pane":16,"minecraft:light_gray_dye":8,"minecraft:redstone_torch":1,"minecraft:shears":1,"securitycraft:universal_block_reinforcer_lvl1":1,"cfm:spruce_park_bench":4,"securitycraft:sentry":1,"minecraft:coal":9,"minecraft:raw_iron":90,"immersive_melodies:trumpet":1,"minecraft:furnace":2,"minecraft:gray_dye":14,"minecraft:bone_meal":9,"immersive_melodies:flute":1,"minecraft:flint_and_steel":1,"minecraft:terracotta":1,"minecraft:spruce_stairs":16,"minecraft:iron_axe":5,"securitycraft:universal_block_remover":1,"minecraft:stone_pickaxe":1,"minecraft:spruce_boat":1,"minecraft:dark_oak_planks":12,"cgm:workbench":1,"securitycraft:portable_radar":1,"cfm:spruce_cabinet":6,"minecraft:air":0,"minecraft:white_dye":11,"minecraft:raw_gold":9,"chiselsandbits:chisel_iron":1,"minecraft:oak_stairs":4,"minecraft:iron_shovel":1,"minecraft:acacia_planks":4,"minecraft:torch":76,"minecraft:clay":6},"minecraft:broken":{"minecraft:iron_boots":2,"minecraft:iron_chestplate":1,"minecraft:iron_leggings":1,"minecraft:shield":2,"minecraft:iron_axe":5,"minecraft:leather_boots":1,"minecraft:iron_pickaxe":2,"minecraft:iron_helmet":1},"minecraft:picked_up":{"minecraft:birch_door":1,"cgm:basic_bullet":256,"minecraft:redstone_block":6,"minecraft:anvil":2,"minecraft:lead":15,"minecraft:oak_stairs":1,"minecraft:enchanted_book":1,"minecraft:stone_brick_stairs":3,"minecraft:dark_oak_trapdoor":1,"minecraft:string":26,"minecraft:raw_copper":132,"minecraft:red_nether_bricks":2,"minecraft:armor_stand":8,"cfm:spruce_blinds":9,"alexsmobs:emu_feather":2,"minecraft:red_sand":3,"minecraft:cobbled_deepslate":45,"minecraft:spruce_planks":12,"minecraft:calcite":104,"minecraft:azalea":4,"alexsmobs:raccoon_tail":2,"pamhc2crops:cloudberryitem":1,"born_in_chaos_v1:stimulating_decoction":2,"immersive_melodies:triangle":1,"minecraft:coal_block":22,"valhelsia_structures:light_gray_sleeping_bag":1,"cgm:advanced_bullet":224,"minecraft:smooth_quartz_stairs":10,"minecraft:furnace":4,"minecraft:iron_boots":1,"minecraft:stick":35,"valhelsia_structures:gray_sleeping_bag":1,"pamhc2crops:cactusfruititem":4,"minecraft:torch":15,"minecraft:acacia_log":1,"pamhc2crops:yuccaitem":3,"minecraft:spruce_stairs":8,"cgm:medium_scope":1,"minecraft:yellow_banner":2,"minecraft:rotten_flesh":92,"minecraft:iron_bars":16,"minecraft:cobblestone":161,"minecraft:enchanting_table":1,"minecraft:feather":1,"born_in_chaos_v1:spiritual_dust":5,"minecraft:andesite":60,"alexsmobs:bear_fur":2,"minecraft:potato":3,"pamhc2crops:caulifloweritem":1,"paraglider:spirit_orb":36,"minecraft:flint":3,"minecraft:tuff":7,"cgm:heavy_rifle":1,"minecraft:lapis_lazuli":4,"minecraft:dirt":105,"minecraft:leather_boots":1,"minecraft:lantern":1,"securitycraft:sentry":1,"minecraft:polished_granite":1,"born_in_chaos_v1:monster_skin":3,"minecraft:bone":109,"minecraft:chipped_anvil":1,"minecraft:acacia_planks":3,"minecraft:bow":1,"minecraft:wheat_seeds":1,"pamhc2crops:sisalitem":2,"valhelsia_structures:metal_framed_glass_pane":2,"minecraft:raw_gold":3,"minecraft:dark_oak_sign":4,"pamhc2crops:papyrusitem":1,"minecraft:cyan_candle":21,"minecraft:mossy_stone_bricks":2,"minecraft:bamboo":63,"minecraft:moss_block":1,"minecraft:oak_planks":4,"pamhc2crops:lentilitem":1,"valhelsia_structures:cut_oak_post":4,"minecraft:sand":34,"securitycraft:reinforced_dispenser":1,"minecraft:stripped_spruce_log":1,"minecraft:nether_brick_stairs":4,"sophisticatedbackpacks:iron_backpack":1,"minecraft:ink_sac":7,"minecraft:cyan_bed":1,"minecraft:mossy_cobblestone":3,"minecraft:light_gray_concrete":16,"minecraft:white_candle":2,"minecraft:diamond":16,"minecraft:spruce_boat":2,"minecraft:miner_pottery_sherd":1,"minecraft:bone_meal":2,"minecraft:golden_apple":2,"minecraft:netherrack":1,"minecraft:chainmail_helmet":1,"scalinghealth:cursed_heart":1,"minecraft:bread":1,"alexsmobs:maggot":2,"minecraft:chiseled_red_sandstone":1,"minecraft:dark_oak_fence":1,"born_in_chaos_v1:rotten_fish":3,"valhelsia_structures:unlit_lantern":3,"minecraft:bricks":3,"minecraft:coarse_dirt":3,"minecraft:crafting_table":9,"born_in_chaos_v1:diamond_termite_shard":8,"minecraft:allium":1,"minecraft:ladder":10,"minecraft:clay_ball":344,"born_in_chaos_v1:seedof_chaos":1,"pamhc2trees:durianitem":3,"minecraft:brown_mushroom":1,"minecraft:chain":1,"pamhc2crops:ryeitem":2,"minecraft:red_bed":3,"minecraft:moss_carpet":6,"minecraft:iron_axe":2,"born_in_chaos_v1:intoxicating_decoction":2,"minecraft:blackstone":8,"minecraft:cyan_carpet":2,"pamhc2trees:dragonfruititem":4,"minecraft:cracked_stone_bricks":3,"minecraft:beef":3,"born_in_chaos_v1:gnawed_bones":2,"pamhc2crops:agaveitem":2,"minecraft:lectern":1,"minecraft:chest":1,"minecraft:spruce_trapdoor":3,"pamhc2trees:dateitem":2,"minecraft:egg":2,"minecraft:raw_iron":22,"minecraft:raw_gold_block":1,"pamhc2trees:figitem":10,"pamhc2crops:spinachitem":1,"born_in_chaos_v1:pieceofdarkmetal":4,"minecraft:carrot":6,"minecraft:redstone":117,"valhelsia_structures:explorers_tent":3,"valhelsia_structures:white_sleeping_bag":1,"minecraft:mangrove_trapdoor":2,"minecraft:arrow":17,"minecraft:decorated_pot":1,"minecraft:nether_bricks":7,"cgm:assault_rifle":1,"pamhc2crops:nopalesitem":5,"pamhc2trees:grapefruititem":8,"minecraft:black_banner":1,"minecraft:glow_berries":25,"minecraft:mutton":1,"minecraft:skeleton_skull":1,"minecraft:heartbreak_pottery_sherd":1,"minecraft:stripped_oak_log":2,"born_in_chaos_v1:corpse_maggot":24,"born_in_chaos_v1:monster_flesh":2,"pamhc2trees:papayaitem":2,"minecraft:leather":8,"minecraft:torchflower":2,"immersive_melodies:bagpipe":1,"minecraft:oak_log":14,"scalinghealth:bandages":6,"minecraft:gunpowder":8,"scalinghealth:heart_crystal":6,"minecraft:white_banner":3,"minecraft:apple":9,"minecraft:stone_bricks":6,"alexsmobs:cockroach_wing_fragment":2,"minecraft:iron_ingot":2,"pamhc2crops:cassavaitem":2,"minecraft:blade_pottery_sherd":1,"scalinghealth:power_crystal_shard":3,"minecraft:soul_sand":1,"pamhc2trees:pecanitem":7,"minecraft:flowering_azalea":4,"minecraft:dark_oak_stairs":6,"pamhc2trees:hazelnutitem":9,"minecraft:book":39,"minecraft:oak_slab":2,"minecraft:smooth_basalt":14,"scalinghealth:heart_crystal_shard":3,"minecraft:black_candle":9,"minecraft:pitcher_plant":5,"born_in_chaos_v1:orbofthe_summoner":2,"born_in_chaos_v1:ethereal_spirit":7,"minecraft:raw_iron_block":10,"minecraft:torchflower_seeds":1,"minecraft:gravel":53,"born_in_chaos_v1:dark_rod":2,"minecraft:blast_furnace":3,"securitycraft:reinforced_iron_block":3,"minecraft:spruce_log":113,"minecraft:spruce_door":2,"minecraft:spider_eye":5,"minecraft:slime_ball":2,"pamhc2crops:barrelcactusitem":3,"minecraft:chainmail_leggings":1,"pamhc2crops:wolfberryitem":3,"pamhc2crops:chickpeaitem":1,"minecraft:red_nether_brick_slab":2,"minecraft:damaged_anvil":1,"minecraft:stripped_dark_oak_log":5,"minecraft:coal":147},"minecraft:used":{"minecraft:iron_shovel":114,"minecraft:dispenser":1,"minecraft:shield":223,"minecraft:rotten_flesh":9,"minecraft:white_candle":2,"minecraft:soul_sand":1,"valhelsia_structures:metal_framed_glass_pane":12,"minecraft:nether_bricks":7,"minecraft:carrot":16,"minecraft:spruce_boat":2,"born_in_chaos_v1:corpse_maggot":14,"born_in_chaos_v1:smoked_flesh":3,"minecraft:bricks":1,"minecraft:lantern":1,"born_in_chaos_v1:gnawed_bones":2,"pamhc2crops:papyrusitem":1,"minecraft:stone_brick_stairs":1,"minecraft:stone_bricks":28,"pamhc2trees:dateitem":2,"minecraft:bow":1,"minecraft:furnace":6,"pamhc2trees:figitem":10,"minecraft:egg":2,"cgm:heavy_rifle":106,"minecraft:dark_oak_stairs":2,"minecraft:spruce_door":2,"minecraft:stone_pickaxe":5,"cfm:spruce_cabinet":6,"minecraft:oak_planks":10,"minecraft:dark_oak_sign":3,"cfm:spruce_blinds":17,"minecraft:wooden_pickaxe":6,"minecraft:diamond_axe":25,"minecraft:clay":4,"minecraft:dark_oak_trapdoor":1,"pamhc2crops:cactusfruititem":4,"minecraft:smooth_quartz_stairs":5,"minecraft:golden_apple":3,"minecraft:glow_berries":28,"minecraft:sand":13,"minecraft:black_banner":1,"minecraft:blast_furnace":3,"scalinghealth:cursed_heart":1,"securitycraft:universal_block_remover":4,"minecraft:light_gray_concrete":13,"minecraft:bread":45,"minecraft:polished_granite":1,"cgm:assault_rifle":256,"minecraft:gravel":40,"pamhc2crops:cassavaitem":3,"minecraft:coarse_dirt":3,"minecraft:andesite":38,"minecraft:golden_pickaxe":31,"minecraft:iron_bars":5,"minecraft:flint_and_steel":37,"minecraft:armor_stand":5,"minecraft:spruce_planks":46,"minecraft:torch":150,"minecraft:dirt":95,"scalinghealth:heart_crystal":8,"minecraft:anvil":2,"cgm:workbench":1,"minecraft:spruce_stairs":16,"minecraft:nether_brick_stairs":4,"minecraft:dark_oak_planks":12,"minecraft:iron_block":3,"minecraft:iron_axe":958,"minecraft:oak_stairs":2,"minecraft:iron_boots":3,"pamhc2trees:grapefruititem":7,"securitycraft:sentry":2,"minecraft:cooked_beef":14,"minecraft:cobbled_deepslate":41,"minecraft:golden_axe":2,"minecraft:calcite":104,"minecraft:cooked_mutton":1,"minecraft:yellow_banner":2,"pamhc2crops:cloudberryitem":2,"minecraft:cyan_candle":7,"pamhc2trees:dragonfruititem":4,"minecraft:leather_boots":2,"pamhc2crops:spinachitem":1,"minecraft:cracked_stone_bricks":2,"minecraft:mossy_cobblestone":1,"minecraft:stripped_dark_oak_log":2,"minecraft:red_bed":3,"minecraft:crafting_table":11,"minecraft:light_gray_concrete_powder":16,"pamhc2trees:hazelnutitem":9,"pamhc2trees:papayaitem":1,"minecraft:oak_log":6,"minecraft:cake":1,"valhelsia_structures:cut_oak_post":1,"minecraft:apple":7,"minecraft:iron_pickaxe":876,"pamhc2crops:nopalesitem":4,"minecraft:spruce_trapdoor":3,"pamhc2crops:barrelcactusitem":1,"minecraft:cobblestone":115,"minecraft:potion":5,"cfm:spruce_park_bench":3,"minecraft:white_banner":2,"minecraft:cooked_porkchop":2,"minecraft:bucket":1,"minecraft:pumpkin_pie":5,"minecraft:black_candle":9}},"DataVersion":3465}