{"stats":{"minecraft:custom":{"minecraft:mob_kills":9,"minecraft:interact_with_crafting_table":8,"minecraft:open_barrel":4,"minecraft:raid_trigger":1,"minecraft:leave_game":2,"minecraft:time_since_death":35630,"minecraft:sleep_in_bed":2,"minecraft:climb_one_cm":8031,"minecraft:time_since_rest":153,"minecraft:sprint_one_cm":194672,"minecraft:damage_taken":4026,"minecraft:walk_one_cm":470200,"minecraft:damage_dealt":1359,"minecraft:swim_one_cm":37086,"minecraft:fly_one_cm":363478,"minecraft:open_chest":45,"minecraft:crouch_one_cm":1056,"minecraft:play_time":107382,"minecraft:deaths":7,"minecraft:sneak_time":313,"minecraft:walk_under_water_one_cm":23775,"minecraft:boat_one_cm":165589,"minecraft:jump":1976,"minecraft:walk_on_water_one_cm":23478,"minecraft:total_world_time":107382,"minecraft:fall_one_cm":57816},"minecraft:mined":{"minecraft:spruce_planks":9,"pamhc2trees:pambanana":1,"minecraft:crafting_table":4,"minecraft:torch":1,"pamhc2trees:pamchestnut":1,"minecraft:jungle_log":6,"minecraft:sandstone":2,"minecraft:wall_torch":2,"minecraft:white_terracotta":1,"minecraft:purple_bed":2,"minecraft:jukebox":1,"minecraft:spruce_log":20,"minecraft:oak_log":12,"minecraft:deepslate_iron_ore":2,"minecraft:vine":1},"minecraft:crafted":{"minecraft:wooden_sword":2,"minecraft:oak_planks":48,"minecraft:crafting_table":3,"minecraft:spruce_planks":80,"minecraft:jungle_boat":1,"minecraft:wooden_pickaxe":2,"minecraft:jungle_planks":24,"minecraft:stick":56,"minecraft:wooden_axe":2,"minecraft:spruce_boat":1,"minecraft:torch":4},"minecraft:killed":{"minecraft:spider":1,"born_in_chaos_v1:decrepit_skeleton":1,"minecraft:sheep":1,"minecraft:pillager":5,"born_in_chaos_v1:corpse_fly":1},"minecraft:picked_up":{"born_in_chaos_v1:corpse_maggot":1,"minecraft:crafting_table":4,"minecraft:ladder":3,"minecraft:jungle_log":6,"pamhc2trees:bananaitem":1,"minecraft:cut_sandstone":6,"minecraft:oak_log":12,"minecraft:string":2,"minecraft:white_banner":1,"minecraft:spruce_planks":9,"minecraft:raw_iron":2,"minecraft:sandstone":14,"minecraft:jungle_door":1,"minecraft:jukebox":1,"minecraft:sweet_berries":2,"minecraft:torch":6,"minecraft:sand":1,"minecraft:spruce_log":20,"minecraft:chiseled_sandstone":1,"minecraft:spider_eye":1,"minecraft:purple_bed":2,"minecraft:crossbow":1,"minecraft:white_terracotta":1,"immersive_melodies:flute":1,"minecraft:oak_sapling":1,"minecraft:black_wool":1,"minecraft:mutton":1},"minecraft:used":{"minecraft:stone_pickaxe":4,"minecraft:baked_potato":1,"minecraft:wooden_pickaxe":3,"minecraft:spruce_planks":15,"pamhc2trees:bananaitem":1,"minecraft:white_terracotta":1,"minecraft:sandstone":2,"minecraft:jungle_boat":1,"minecraft:iron_chestplate":1,"minecraft:torch":4,"minecraft:mutton":1,"minecraft:crafting_table":5,"minecraft:crossbow":15,"minecraft:spruce_boat":1,"born_in_chaos_v1:corpse_maggot":1,"minecraft:wooden_axe":26,"minecraft:black_wool":1,"minecraft:apple":12,"minecraft:bread":12,"minecraft:iron_helmet":1,"minecraft:iron_boots":1,"minecraft:wooden_sword":5,"minecraft:purple_bed":1,"minecraft:sweet_berries":2,"minecraft:goat_horn":1,"minecraft:iron_leggings":1}},"DataVersion":3465}