{"stats":{"minecraft:picked_up":{"minecraft:crafting_table":1,"minecraft:jukebox":1,"minecraft:torch":1,"minecraft:oak_log":12,"minecraft:white_terracotta":1,"minecraft:oak_sapling":1,"minecraft:spider_eye":1,"minecraft:string":2},"minecraft:custom":{"minecraft:open_chest":4,"minecraft:time_since_rest":14981,"minecraft:crouch_one_cm":237,"minecraft:play_time":14981,"minecraft:sprint_one_cm":18155,"minecraft:damage_taken":330,"minecraft:walk_one_cm":76812,"minecraft:sneak_time":67,"minecraft:walk_under_water_one_cm":3546,"minecraft:mob_kills":1,"minecraft:jump":267,"minecraft:damage_dealt":165,"minecraft:time_since_death":14981,"minecraft:walk_on_water_one_cm":5396,"minecraft:total_world_time":14981,"minecraft:swim_one_cm":4910,"minecraft:interact_with_crafting_table":2,"minecraft:fall_one_cm":6522,"minecraft:fly_one_cm":34891},"minecraft:used":{"minecraft:torch":1,"minecraft:wooden_axe":1,"minecraft:apple":3,"minecraft:wooden_sword":5,"minecraft:crafting_table":1,"minecraft:stone_pickaxe":1,"minecraft:wooden_pickaxe":1,"minecraft:white_terracotta":1},"minecraft:killed":{"minecraft:spider":1},"minecraft:crafted":{"minecraft:wooden_sword":1,"minecraft:oak_planks":48,"minecraft:torch":4,"minecraft:crafting_table":1,"minecraft:stick":16,"minecraft:wooden_pickaxe":1,"minecraft:wooden_axe":1},"minecraft:mined":{"minecraft:white_terracotta":1,"minecraft:oak_log":12,"minecraft:jukebox":1,"minecraft:crafting_table":1,"minecraft:torch":1}},"DataVersion":3465}