{"stats":{"minecraft:custom":{"minecraft:mob_kills":7,"minecraft:interact_with_crafting_table":8,"minecraft:open_barrel":2,"minecraft:raid_trigger":1,"minecraft:leave_game":1,"minecraft:time_since_death":19752,"minecraft:sleep_in_bed":1,"minecraft:climb_one_cm":5241,"minecraft:time_since_rest":2196,"minecraft:sprint_one_cm":172906,"minecraft:damage_taken":3722,"minecraft:walk_one_cm":381287,"minecraft:damage_dealt":954,"minecraft:swim_one_cm":31793,"minecraft:fly_one_cm":349540,"minecraft:open_chest":42,"minecraft:crouch_one_cm":292,"minecraft:play_time":91504,"minecraft:deaths":7,"minecraft:sneak_time":127,"minecraft:walk_under_water_one_cm":22277,"minecraft:boat_one_cm":165589,"minecraft:jump":1802,"minecraft:walk_on_water_one_cm":21292,"minecraft:total_world_time":91504,"minecraft:fall_one_cm":55249},"minecraft:mined":{"minecraft:spruce_planks":9,"pamhc2trees:pambanana":1,"minecraft:crafting_table":4,"minecraft:torch":1,"pamhc2trees:pamchestnut":1,"minecraft:jungle_log":6,"minecraft:sandstone":2,"minecraft:wall_torch":2,"minecraft:white_terracotta":1,"minecraft:purple_bed":2,"minecraft:jukebox":1,"minecraft:spruce_log":20,"minecraft:oak_log":12,"minecraft:deepslate_iron_ore":2,"minecraft:vine":1},"minecraft:crafted":{"minecraft:wooden_sword":2,"minecraft:oak_planks":48,"minecraft:crafting_table":3,"minecraft:spruce_planks":80,"minecraft:jungle_boat":1,"minecraft:wooden_pickaxe":2,"minecraft:jungle_planks":24,"minecraft:stick":56,"minecraft:wooden_axe":2,"minecraft:spruce_boat":1,"minecraft:torch":4},"minecraft:killed":{"minecraft:spider":1,"born_in_chaos_v1:decrepit_skeleton":1,"minecraft:pillager":5},"minecraft:picked_up":{"minecraft:crafting_table":4,"minecraft:ladder":3,"minecraft:jungle_log":6,"pamhc2trees:bananaitem":1,"minecraft:cut_sandstone":6,"minecraft:oak_log":12,"minecraft:string":2,"minecraft:white_banner":1,"minecraft:spruce_planks":9,"minecraft:raw_iron":2,"minecraft:sandstone":14,"minecraft:jungle_door":1,"minecraft:jukebox":1,"minecraft:sweet_berries":2,"minecraft:torch":6,"minecraft:sand":1,"minecraft:spruce_log":20,"minecraft:chiseled_sandstone":1,"minecraft:spider_eye":1,"minecraft:purple_bed":2,"minecraft:crossbow":1,"minecraft:white_terracotta":1,"minecraft:oak_sapling":1},"minecraft:used":{"minecraft:stone_pickaxe":4,"minecraft:baked_potato":1,"minecraft:wooden_pickaxe":3,"minecraft:spruce_planks":14,"pamhc2trees:bananaitem":1,"minecraft:white_terracotta":1,"minecraft:sandstone":2,"minecraft:jungle_boat":1,"minecraft:iron_chestplate":1,"minecraft:torch":4,"minecraft:crafting_table":5,"minecraft:crossbow":15,"minecraft:spruce_boat":1,"minecraft:wooden_axe":26,"minecraft:apple":8,"minecraft:bread":12,"minecraft:iron_helmet":1,"minecraft:iron_boots":1,"minecraft:wooden_sword":5,"minecraft:purple_bed":1,"minecraft:sweet_berries":2,"minecraft:goat_horn":1,"minecraft:iron_leggings":1}},"DataVersion":3465}