{"stats":{"minecraft:custom":{"minecraft:time_since_rest":21759,"minecraft:sprint_one_cm":61804,"minecraft:damage_taken":1300,"minecraft:walk_one_cm":211455,"minecraft:mob_kills":1,"minecraft:damage_dealt":165,"minecraft:swim_one_cm":12983,"minecraft:interact_with_crafting_table":3,"minecraft:fly_one_cm":158941,"minecraft:open_chest":22,"minecraft:crouch_one_cm":274,"minecraft:play_time":43504,"minecraft:deaths":2,"minecraft:sneak_time":92,"minecraft:walk_under_water_one_cm":10236,"minecraft:jump":971,"minecraft:leave_game":1,"minecraft:walk_on_water_one_cm":16156,"minecraft:time_since_death":21726,"minecraft:climb_one_cm":3087,"minecraft:total_world_time":43504,"minecraft:fall_one_cm":31339},"minecraft:mined":{"minecraft:white_terracotta":1,"minecraft:spruce_log":20,"minecraft:jukebox":1,"minecraft:crafting_table":2,"minecraft:torch":1,"minecraft:oak_log":12,"minecraft:deepslate_iron_ore":2,"minecraft:wall_torch":1},"minecraft:crafted":{"minecraft:wooden_sword":2,"minecraft:oak_planks":48,"minecraft:crafting_table":2,"minecraft:spruce_planks":80,"minecraft:stick":56,"minecraft:wooden_pickaxe":2,"minecraft:wooden_axe":2,"minecraft:torch":4},"minecraft:killed":{"minecraft:spider":1},"minecraft:picked_up":{"minecraft:sandstone":12,"minecraft:crafting_table":2,"minecraft:raw_iron":2,"minecraft:jungle_door":1,"minecraft:ladder":3,"minecraft:jukebox":1,"minecraft:cut_sandstone":6,"minecraft:torch":5,"minecraft:sand":1,"minecraft:oak_log":12,"minecraft:spruce_log":20,"minecraft:chiseled_sandstone":1,"minecraft:spider_eye":1,"minecraft:string":2,"minecraft:white_terracotta":1,"minecraft:oak_sapling":1},"minecraft:used":{"minecraft:wooden_axe":2,"minecraft:apple":3,"minecraft:bread":5,"minecraft:stone_pickaxe":4,"minecraft:baked_potato":1,"minecraft:wooden_pickaxe":1,"minecraft:white_terracotta":1,"minecraft:torch":2,"minecraft:wooden_sword":5,"minecraft:crafting_table":2,"minecraft:goat_horn":1}},"DataVersion":3465}