{"stats":{"minecraft:custom":{"minecraft:time_since_rest":720,"minecraft:sprint_one_cm":125138,"minecraft:damage_taken":2891,"minecraft:walk_one_cm":264878,"minecraft:mob_kills":7,"minecraft:damage_dealt":954,"minecraft:swim_one_cm":19242,"minecraft:interact_with_crafting_table":6,"minecraft:fly_one_cm":259528,"minecraft:open_chest":36,"minecraft:crouch_one_cm":274,"minecraft:play_time":67504,"minecraft:raid_trigger":1,"minecraft:deaths":4,"minecraft:sneak_time":92,"minecraft:walk_under_water_one_cm":22070,"minecraft:boat_one_cm":142726,"minecraft:jump":1383,"minecraft:leave_game":1,"minecraft:walk_on_water_one_cm":18392,"minecraft:time_since_death":689,"minecraft:climb_one_cm":3528,"minecraft:total_world_time":67504,"minecraft:fall_one_cm":45456},"minecraft:mined":{"minecraft:purple_bed":2,"minecraft:white_terracotta":1,"minecraft:spruce_planks":9,"minecraft:spruce_log":20,"minecraft:jukebox":1,"minecraft:crafting_table":3,"minecraft:torch":1,"minecraft:oak_log":12,"minecraft:deepslate_iron_ore":2,"minecraft:sandstone":2,"minecraft:wall_torch":2},"minecraft:crafted":{"minecraft:wooden_sword":2,"minecraft:oak_planks":48,"minecraft:crafting_table":2,"minecraft:spruce_planks":80,"minecraft:stick":56,"minecraft:wooden_pickaxe":2,"minecraft:wooden_axe":2,"minecraft:spruce_boat":1,"minecraft:torch":4},"minecraft:killed":{"minecraft:pillager":5,"minecraft:spider":1,"born_in_chaos_v1:decrepit_skeleton":1},"minecraft:picked_up":{"minecraft:sandstone":14,"minecraft:crafting_table":3,"minecraft:raw_iron":2,"minecraft:jungle_door":1,"minecraft:ladder":3,"minecraft:jukebox":1,"minecraft:cut_sandstone":6,"minecraft:torch":6,"minecraft:sand":1,"minecraft:oak_log":12,"minecraft:spruce_log":20,"minecraft:chiseled_sandstone":1,"minecraft:spider_eye":1,"minecraft:string":2,"minecraft:white_banner":1,"minecraft:purple_bed":2,"minecraft:spruce_planks":9,"minecraft:crossbow":1,"minecraft:white_terracotta":1,"minecraft:oak_sapling":1},"minecraft:used":{"minecraft:spruce_boat":1,"minecraft:wooden_axe":26,"minecraft:apple":3,"minecraft:bread":12,"minecraft:stone_pickaxe":4,"minecraft:baked_potato":1,"minecraft:spruce_planks":14,"minecraft:wooden_pickaxe":3,"minecraft:white_terracotta":1,"minecraft:sandstone":2,"minecraft:torch":4,"minecraft:wooden_sword":5,"minecraft:purple_bed":1,"minecraft:crafting_table":3,"minecraft:goat_horn":1,"minecraft:crossbow":15}},"DataVersion":3465}