{"stats":{"minecraft:custom":{"minecraft:time_since_rest":33759,"minecraft:sprint_one_cm":94831,"minecraft:damage_taken":1945,"minecraft:walk_one_cm":254366,"minecraft:mob_kills":6,"minecraft:damage_dealt":782,"minecraft:swim_one_cm":14061,"minecraft:interact_with_crafting_table":3,"minecraft:fly_one_cm":214229,"minecraft:open_chest":36,"minecraft:crouch_one_cm":274,"minecraft:play_time":55504,"minecraft:deaths":2,"minecraft:sneak_time":92,"minecraft:walk_under_water_one_cm":10725,"minecraft:jump":1209,"minecraft:leave_game":1,"minecraft:walk_on_water_one_cm":16992,"minecraft:time_since_death":33726,"minecraft:climb_one_cm":3528,"minecraft:total_world_time":55504,"minecraft:fall_one_cm":40770},"minecraft:mined":{"minecraft:purple_bed":2,"minecraft:white_terracotta":1,"minecraft:spruce_planks":9,"minecraft:spruce_log":20,"minecraft:jukebox":1,"minecraft:crafting_table":2,"minecraft:torch":1,"minecraft:oak_log":12,"minecraft:deepslate_iron_ore":2,"minecraft:sandstone":2,"minecraft:wall_torch":2},"minecraft:crafted":{"minecraft:wooden_sword":2,"minecraft:oak_planks":48,"minecraft:crafting_table":2,"minecraft:spruce_planks":80,"minecraft:stick":56,"minecraft:wooden_pickaxe":2,"minecraft:wooden_axe":2,"minecraft:torch":4},"minecraft:killed":{"minecraft:pillager":5,"minecraft:spider":1},"minecraft:picked_up":{"minecraft:sandstone":14,"minecraft:crafting_table":2,"minecraft:raw_iron":2,"minecraft:jungle_door":1,"minecraft:ladder":3,"minecraft:jukebox":1,"minecraft:cut_sandstone":6,"minecraft:torch":6,"minecraft:sand":1,"minecraft:oak_log":12,"minecraft:spruce_log":20,"minecraft:chiseled_sandstone":1,"minecraft:spider_eye":1,"minecraft:string":2,"minecraft:white_banner":1,"minecraft:purple_bed":2,"minecraft:spruce_planks":9,"minecraft:crossbow":1,"minecraft:white_terracotta":1,"minecraft:oak_sapling":1},"minecraft:used":{"minecraft:wooden_axe":22,"minecraft:apple":3,"minecraft:bread":10,"minecraft:stone_pickaxe":4,"minecraft:baked_potato":1,"minecraft:spruce_planks":14,"minecraft:wooden_pickaxe":3,"minecraft:white_terracotta":1,"minecraft:torch":3,"minecraft:wooden_sword":5,"minecraft:purple_bed":1,"minecraft:crafting_table":2,"minecraft:goat_horn":1,"minecraft:crossbow":15}},"DataVersion":3465}