{"stats":{"minecraft:used":{"minecraft:wooden_axe":1,"minecraft:apple":3,"minecraft:stone_pickaxe":4,"minecraft:baked_potato":1,"minecraft:wooden_pickaxe":1,"minecraft:white_terracotta":1,"minecraft:torch":2,"minecraft:wooden_sword":5,"minecraft:crafting_table":1},"minecraft:picked_up":{"minecraft:raw_iron":2,"minecraft:crafting_table":1,"minecraft:jukebox":1,"minecraft:torch":2,"minecraft:oak_log":12,"minecraft:spruce_log":20,"minecraft:spider_eye":1,"minecraft:string":2,"minecraft:white_terracotta":1,"minecraft:oak_sapling":1},"minecraft:custom":{"minecraft:time_since_rest":5236,"minecraft:sprint_one_cm":52137,"minecraft:damage_taken":990,"minecraft:walk_one_cm":113818,"minecraft:mob_kills":1,"minecraft:damage_dealt":165,"minecraft:interact_with_crafting_table":2,"minecraft:swim_one_cm":9693,"minecraft:fly_one_cm":121913,"minecraft:open_chest":4,"minecraft:crouch_one_cm":274,"minecraft:play_time":26981,"minecraft:deaths":2,"minecraft:sneak_time":92,"minecraft:walk_under_water_one_cm":8434,"minecraft:jump":627,"minecraft:walk_on_water_one_cm":11490,"minecraft:time_since_death":5203,"minecraft:total_world_time":26981,"minecraft:fall_one_cm":21033},"minecraft:killed":{"minecraft:spider":1},"minecraft:crafted":{"minecraft:wooden_sword":1,"minecraft:oak_planks":48,"minecraft:crafting_table":2,"minecraft:spruce_planks":80,"minecraft:stick":16,"minecraft:wooden_pickaxe":1,"minecraft:wooden_axe":1,"minecraft:torch":4},"minecraft:mined":{"minecraft:white_terracotta":1,"minecraft:spruce_log":20,"minecraft:jukebox":1,"minecraft:crafting_table":1,"minecraft:torch":1,"minecraft:oak_log":12,"minecraft:deepslate_iron_ore":2,"minecraft:wall_torch":1}},"DataVersion":3465}