{"stats":{"minecraft:custom":{"minecraft:jump":55,"minecraft:time_since_rest":2663,"minecraft:deaths":1,"minecraft:damage_taken":210,"minecraft:damage_dealt":30,"minecraft:crouch_one_cm":264,"minecraft:leave_game":1,"minecraft:play_time":5511,"minecraft:sprint_one_cm":6089,"minecraft:time_since_death":2626,"minecraft:walk_on_water_one_cm":1060,"minecraft:walk_one_cm":8885,"minecraft:sneak_time":89,"minecraft:total_world_time":5511,"minecraft:walk_under_water_one_cm":167,"minecraft:swim_one_cm":4075,"minecraft:fall_one_cm":1103,"minecraft:fly_one_cm":13825}},"DataVersion":3465}