{"stats":{"minecraft:picked_up":{"minecraft:stick":11,"pamhc2crops:cactusfruititem":4,"pamhc2crops:lentilitem":2,"pamhc2crops:yuccaitem":3,"minecraft:spruce_sapling":2,"minecraft:spruce_log":7,"pamhc2crops:chiaitem":3,"minecraft:orange_terracotta":3,"minecraft:cactus":1,"minecraft:bone":1,"minecraft:acacia_planks":1,"minecraft:decorated_pot":1,"minecraft:red_sand":3,"pamhc2crops:barrelcactusitem":4,"pamhc2crops:sisalitem":3,"pamhc2crops:wolfberryitem":2,"pamhc2crops:nopalesitem":1,"pamhc2crops:chickpeaitem":3,"pamhc2crops:papyrusitem":1,"pamhc2crops:cassavaitem":4,"pamhc2crops:agaveitem":6,"minecraft:terracotta":3,"minecraft:moss_block":2},"minecraft:used":{"minecraft:moss_block":2,"minecraft:red_sand":3,"minecraft:cactus":1,"minecraft:wooden_pickaxe":2,"pamhc2crops:barrelcactusitem":6,"minecraft:golden_leggings":1,"pamhc2crops:cactusfruititem":2,"minecraft:terracotta":3,"minecraft:crafting_table":1,"pamhc2crops:cassavaitem":1,"pamhc2crops:agaveitem":10,"alexsmobs:animal_dictionary":1,"minecraft:acacia_planks":1,"minecraft:orange_terracotta":2},"minecraft:custom":{"minecraft:time_since_rest":12995,"minecraft:sprint_one_cm":68121,"minecraft:damage_taken":627,"minecraft:walk_one_cm":61279,"minecraft:mob_kills":1,"minecraft:damage_dealt":257,"minecraft:interact_with_crafting_table":1,"minecraft:swim_one_cm":18100,"minecraft:fly_one_cm":179867,"minecraft:open_chest":1,"minecraft:crouch_one_cm":2109,"minecraft:play_time":28434,"minecraft:deaths":2,"minecraft:sneak_time":1212,"minecraft:walk_under_water_one_cm":1861,"minecraft:jump":818,"minecraft:time_since_death":12949,"minecraft:leave_game":2,"minecraft:walk_on_water_one_cm":9056,"minecraft:climb_one_cm":72,"minecraft:total_world_time":28434,"minecraft:fall_one_cm":19155},"minecraft:killed":{"born_in_chaos_v1:baby_skeleton":1},"minecraft:crafted":{"minecraft:crafting_table":1,"minecraft:spruce_planks":20,"minecraft:stick":4,"minecraft:wooden_pickaxe":1},"minecraft:mined":{"pamhc2crops:aridgarden":36,"minecraft:orange_terracotta":1,"minecraft:spruce_log":7,"minecraft:red_sand":3,"minecraft:decorated_pot":1,"minecraft:dead_bush":9,"minecraft:acacia_planks":1,"minecraft:terracotta":1,"minecraft:spruce_leaves":14,"minecraft:moss_block":2}},"DataVersion":3465}