{"stats":{"minecraft:custom":{"minecraft:jump":31,"minecraft:time_since_rest":2215,"minecraft:damage_dealt":30,"minecraft:crouch_one_cm":264,"minecraft:leave_game":1,"minecraft:sprint_one_cm":3169,"minecraft:play_time":2215,"minecraft:walk_on_water_one_cm":519,"minecraft:time_since_death":2215,"minecraft:walk_one_cm":7101,"minecraft:sneak_time":84,"minecraft:total_world_time":2215,"minecraft:walk_under_water_one_cm":77,"minecraft:swim_one_cm":1413,"minecraft:fall_one_cm":627,"minecraft:fly_one_cm":8153}},"DataVersion":3465}