{"stats":{"minecraft:used":{"minecraft:terracotta":3,"minecraft:crafting_table":1,"minecraft:cactus":1,"alexsmobs:animal_dictionary":1,"minecraft:wooden_pickaxe":2,"minecraft:orange_terracotta":2},"minecraft:picked_up":{"minecraft:stick":3,"minecraft:orange_terracotta":3,"minecraft:bone":1,"minecraft:cactus":1,"minecraft:spruce_sapling":2,"minecraft:terracotta":3,"minecraft:spruce_log":7},"minecraft:custom":{"minecraft:time_since_rest":2072,"minecraft:crouch_one_cm":1515,"minecraft:sprint_one_cm":35681,"minecraft:play_time":17511,"minecraft:walk_one_cm":36851,"minecraft:damage_taken":617,"minecraft:deaths":2,"minecraft:sneak_time":1036,"minecraft:walk_under_water_one_cm":983,"minecraft:mob_kills":1,"minecraft:jump":440,"minecraft:damage_dealt":257,"minecraft:walk_on_water_one_cm":3286,"minecraft:leave_game":1,"minecraft:time_since_death":2026,"minecraft:total_world_time":17511,"minecraft:swim_one_cm":6159,"minecraft:interact_with_crafting_table":1,"minecraft:fall_one_cm":9334,"minecraft:fly_one_cm":100306},"minecraft:killed":{"born_in_chaos_v1:baby_skeleton":1},"minecraft:crafted":{"minecraft:crafting_table":1,"minecraft:spruce_planks":20,"minecraft:stick":4,"minecraft:wooden_pickaxe":1},"minecraft:mined":{"minecraft:dead_bush":3,"minecraft:terracotta":1,"minecraft:orange_terracotta":1,"minecraft:spruce_log":7,"minecraft:spruce_leaves":14}},"DataVersion":3465}